[
  {
    "model": "caluma_form.form",
    "pk": "application",
    "fields": {
      "created_at": "2020-04-20T12:53:56.137Z",
      "modified_at": "2020-04-20T12:53:56.137Z",
      "created_by_user": null,
      "created_by_group": null,
      "name": "{\"en\": \"Application\"}",
      "description": "{\"en\": \"\"}",
      "meta": {},
      "is_published": true,
      "is_archived": false,
      "source": null
    }
  },
  {
    "model": "caluma_form.form",
    "pk": "application-step-1",
    "fields": {
      "created_at": "2020-04-29T13:15:52.221Z",
      "modified_at": "2020-04-29T13:15:52.221Z",
      "created_by_user": "user",
      "created_by_group": null,
      "name": "{\"en\": \"Application - Step 1\"}",
      "description": "{\"en\": \"\"}",
      "meta": {},
      "is_published": true,
      "is_archived": false,
      "source": null
    }
  },
  {
    "model": "caluma_form.form",
    "pk": "application-step-2",
    "fields": {
      "created_at": "2020-04-29T13:16:01.230Z",
      "modified_at": "2020-04-29T13:16:01.230Z",
      "created_by_user": "user",
      "created_by_group": null,
      "name": "{\"en\": \"Application - Step 2\"}",
      "description": "{\"en\": \"\"}",
      "meta": {},
      "is_published": true,
      "is_archived": false,
      "source": null
    }
  },
  {
    "model": "caluma_form.form",
    "pk": "application-step-3",
    "fields": {
      "created_at": "2020-04-29T13:16:10.615Z",
      "modified_at": "2020-04-29T13:16:10.615Z",
      "created_by_user": "user",
      "created_by_group": null,
      "name": "{\"en\": \"Application - Step 3\"}",
      "description": "{\"en\": \"\"}",
      "meta": {},
      "is_published": true,
      "is_archived": false,
      "source": null
    }
  },
  {
    "model": "caluma_form.form",
    "pk": "application-step-4",
    "fields": {
      "created_at": "2020-04-29T13:16:39.870Z",
      "modified_at": "2020-04-29T13:16:39.870Z",
      "created_by_user": "user",
      "created_by_group": null,
      "name": "{\"en\": \"Application - Step 4\"}",
      "description": "{\"en\": \"\"}",
      "meta": {},
      "is_published": true,
      "is_archived": false,
      "source": null
    }
  },
  {
    "model": "caluma_form.form",
    "pk": "nomination",
    "fields": {
      "created_at": "2020-04-17T12:52:38.049Z",
      "modified_at": "2020-04-17T12:52:38.049Z",
      "created_by_user": null,
      "created_by_group": null,
      "name": "{\"en\": \"Nomination\"}",
      "description": "{\"en\": \"\"}",
      "meta": {},
      "is_published": true,
      "is_archived": false,
      "source": null
    }
  },
  {
    "model": "caluma_form.form",
    "pk": "nomination-step-1",
    "fields": {
      "created_at": "2020-04-29T13:11:03.369Z",
      "modified_at": "2020-04-29T13:11:03.369Z",
      "created_by_user": "user",
      "created_by_group": null,
      "name": "{\"en\": \"Nomination - Step 1\"}",
      "description": "{\"en\": \"\"}",
      "meta": {},
      "is_published": true,
      "is_archived": false,
      "source": null
    }
  },
  {
    "model": "caluma_form.form",
    "pk": "nomination-step-2",
    "fields": {
      "created_at": "2020-04-29T13:11:35.243Z",
      "modified_at": "2020-04-29T13:11:35.243Z",
      "created_by_user": "user",
      "created_by_group": null,
      "name": "{\"en\": \"Nomination - Step 2\"}",
      "description": "{\"en\": \"\"}",
      "meta": {},
      "is_published": true,
      "is_archived": false,
      "source": null
    }
  },
  {
    "model": "caluma_form.question",
    "pk": "additional-documents",
    "fields": {
      "created_at": "2020-04-20T13:13:17.627Z",
      "modified_at": "2020-04-20T13:13:17.627Z",
      "created_by_user": null,
      "created_by_group": null,
      "label": "{\"en\": \"Additional documents like slides, presentations or designs?\"}",
      "type": "file",
      "is_required": "false",
      "is_hidden": "false",
      "is_archived": false,
      "placeholder": "{\"en\": null}",
      "info_text": "{\"en\": null}",
      "static_content": "{\"en\": \"\"}",
      "configuration": {},
      "meta": {},
      "data_source": null,
      "row_form": null,
      "sub_form": null,
      "source": null,
      "format_validators": "[]"
    }
  },
  {
    "model": "caluma_form.question",
    "pk": "additional-project-files",
    "fields": {
      "created_at": "2020-04-20T13:03:57.009Z",
      "modified_at": "2020-04-20T13:03:57.009Z",
      "created_by_user": null,
      "created_by_group": null,
      "label": "{\"en\": \"Additional project files\"}",
      "type": "file",
      "is_required": "false",
      "is_hidden": "false",
      "is_archived": false,
      "placeholder": "{\"en\": null}",
      "info_text": "{\"en\": \"If you have screenshots, code snipplets or other data that describes your project in some visual way then that\\u2019s the place to put it and to impress our jury.\"}",
      "static_content": "{\"en\": \"\"}",
      "configuration": {},
      "meta": {},
      "data_source": null,
      "row_form": null,
      "sub_form": null,
      "source": null,
      "format_validators": "[]"
    }
  },
  {
    "model": "caluma_form.question",
    "pk": "anything-else",
    "fields": {
      "created_at": "2020-04-20T13:12:38.757Z",
      "modified_at": "2020-04-20T13:12:38.757Z",
      "created_by_user": null,
      "created_by_group": null,
      "label": "{\"en\": \"Anything else you want to tell us?\"}",
      "type": "textarea",
      "is_required": "false",
      "is_hidden": "false",
      "is_archived": false,
      "placeholder": "{\"en\": null}",
      "info_text": "{\"en\": null}",
      "static_content": "{\"en\": \"\"}",
      "configuration": { "max_length": null, "min_length": null },
      "meta": {},
      "data_source": null,
      "row_form": null,
      "sub_form": null,
      "source": null,
      "format_validators": "[]"
    }
  },
  {
    "model": "caluma_form.question",
    "pk": "application-step-1",
    "fields": {
      "created_at": "2020-04-29T13:22:51.178Z",
      "modified_at": "2020-04-29T13:44:05.595Z",
      "created_by_user": "user",
      "created_by_group": null,
      "label": "{\"en\": \"Step 1\"}",
      "type": "form",
      "is_required": "false",
      "is_hidden": "false",
      "is_archived": false,
      "placeholder": "{\"en\": null}",
      "info_text": "{\"en\": \"\"}",
      "static_content": "{\"en\": \"\"}",
      "configuration": {},
      "meta": {},
      "data_source": null,
      "row_form": null,
      "sub_form": "application-step-1",
      "source": null,
      "format_validators": "[]"
    }
  },
  {
    "model": "caluma_form.question",
    "pk": "application-step-2",
    "fields": {
      "created_at": "2020-04-29T13:23:20.543Z",
      "modified_at": "2020-04-29T13:44:10.274Z",
      "created_by_user": "user",
      "created_by_group": null,
      "label": "{\"en\": \"Step 2\"}",
      "type": "form",
      "is_required": "false",
      "is_hidden": "false",
      "is_archived": false,
      "placeholder": "{\"en\": null}",
      "info_text": "{\"en\": \"\"}",
      "static_content": "{\"en\": \"\"}",
      "configuration": {},
      "meta": {},
      "data_source": null,
      "row_form": null,
      "sub_form": "application-step-2",
      "source": null,
      "format_validators": "[]"
    }
  },
  {
    "model": "caluma_form.question",
    "pk": "application-step-3",
    "fields": {
      "created_at": "2020-04-29T13:23:36.025Z",
      "modified_at": "2020-04-29T13:44:14.038Z",
      "created_by_user": "user",
      "created_by_group": null,
      "label": "{\"en\": \"Step 3\"}",
      "type": "form",
      "is_required": "false",
      "is_hidden": "false",
      "is_archived": false,
      "placeholder": "{\"en\": null}",
      "info_text": "{\"en\": \"\"}",
      "static_content": "{\"en\": \"\"}",
      "configuration": {},
      "meta": {},
      "data_source": null,
      "row_form": null,
      "sub_form": "application-step-3",
      "source": null,
      "format_validators": "[]"
    }
  },
  {
    "model": "caluma_form.question",
    "pk": "application-step-4",
    "fields": {
      "created_at": "2020-04-29T13:24:09.486Z",
      "modified_at": "2020-04-29T13:44:17.763Z",
      "created_by_user": "user",
      "created_by_group": null,
      "label": "{\"en\": \"Step 4\"}",
      "type": "form",
      "is_required": "false",
      "is_hidden": "false",
      "is_archived": false,
      "placeholder": "{\"en\": null}",
      "info_text": "{\"en\": \"\"}",
      "static_content": "{\"en\": \"\"}",
      "configuration": {},
      "meta": {},
      "data_source": null,
      "row_form": null,
      "sub_form": "application-step-4",
      "source": null,
      "format_validators": "[]"
    }
  },
  {
    "model": "caluma_form.question",
    "pk": "application-title-1",
    "fields": {
      "created_at": "2020-04-20T13:00:09.064Z",
      "modified_at": "2020-04-29T13:33:37.875Z",
      "created_by_user": null,
      "created_by_group": null,
      "label": "{\"en\": \"\"}",
      "type": "static",
      "is_required": "false",
      "is_hidden": "false",
      "is_archived": false,
      "placeholder": "{\"en\": null}",
      "info_text": "{\"en\": \"\"}",
      "static_content": "{\"en\": \"### This was the information that were given to us when your project was first nominated\"}",
      "configuration": {},
      "meta": {},
      "data_source": null,
      "row_form": null,
      "sub_form": null,
      "source": null,
      "format_validators": "[]"
    }
  },
  {
    "model": "caluma_form.question",
    "pk": "application-title-2",
    "fields": {
      "created_at": "2020-04-20T13:01:52.604Z",
      "modified_at": "2020-04-29T13:34:02.596Z",
      "created_by_user": null,
      "created_by_group": null,
      "label": "{\"en\": \"\"}",
      "type": "static",
      "is_required": "false",
      "is_hidden": "false",
      "is_archived": false,
      "placeholder": "{\"en\": null}",
      "info_text": "{\"en\": \"\"}",
      "static_content": "{\"en\": \"### Please give us some context\"}",
      "configuration": {},
      "meta": {},
      "data_source": null,
      "row_form": null,
      "sub_form": null,
      "source": null,
      "format_validators": "[]"
    }
  },
  {
    "model": "caluma_form.question",
    "pk": "application-title-3",
    "fields": {
      "created_at": "2020-04-20T13:04:32.147Z",
      "modified_at": "2020-04-29T13:34:15.116Z",
      "created_by_user": null,
      "created_by_group": null,
      "label": "{\"en\": \"\"}",
      "type": "static",
      "is_required": "false",
      "is_hidden": "false",
      "is_archived": false,
      "placeholder": "{\"en\": null}",
      "info_text": "{\"en\": \"\"}",
      "static_content": "{\"en\": \"### Help us to get to know your project further\"}",
      "configuration": {},
      "meta": {},
      "data_source": null,
      "row_form": null,
      "sub_form": null,
      "source": null,
      "format_validators": "[]"
    }
  },
  {
    "model": "caluma_form.question",
    "pk": "category",
    "fields": {
      "created_at": "2020-04-17T13:15:12.254Z",
      "modified_at": "2020-04-20T13:10:30.782Z",
      "created_by_user": null,
      "created_by_group": null,
      "label": "{\"en\": \"In which category would you like to nominate your Project?\"}",
      "type": "choice",
      "is_required": "true",
      "is_hidden": "false",
      "is_archived": false,
      "placeholder": "{\"en\": null}",
      "info_text": "{\"en\": \"\"}",
      "static_content": "{\"en\": \"\"}",
      "configuration": {},
      "meta": {},
      "data_source": null,
      "row_form": null,
      "sub_form": null,
      "source": null,
      "format_validators": "[]"
    }
  },
  {
    "model": "caluma_form.question",
    "pk": "commercial-relevance",
    "fields": {
      "created_at": "2020-04-20T13:08:27.574Z",
      "modified_at": "2020-04-20T13:11:13.076Z",
      "created_by_user": null,
      "created_by_group": null,
      "label": "{\"en\": \"How relevant is your project in regard to a commercial use?\"}",
      "type": "choice",
      "is_required": "true",
      "is_hidden": "false",
      "is_archived": false,
      "placeholder": "{\"en\": null}",
      "info_text": "{\"en\": \"\"}",
      "static_content": "{\"en\": \"\"}",
      "configuration": {},
      "meta": {},
      "data_source": null,
      "row_form": null,
      "sub_form": null,
      "source": null,
      "format_validators": "[]"
    }
  },
  {
    "model": "caluma_form.question",
    "pk": "commercial-relevance-other",
    "fields": {
      "created_at": "2020-04-20T13:09:50.238Z",
      "modified_at": "2020-04-20T13:09:50.238Z",
      "created_by_user": null,
      "created_by_group": null,
      "label": "{\"en\": \"What other?\"}",
      "type": "text",
      "is_required": "true",
      "is_hidden": "!('commercial-relevance'|answer == 'commercial-relevance-other')",
      "is_archived": false,
      "placeholder": "{\"en\": null}",
      "info_text": "{\"en\": null}",
      "static_content": "{\"en\": \"\"}",
      "configuration": { "max_length": null, "min_length": null },
      "meta": {},
      "data_source": null,
      "row_form": null,
      "sub_form": null,
      "source": null,
      "format_validators": "[]"
    }
  },
  {
    "model": "caluma_form.question",
    "pk": "commits",
    "fields": {
      "created_at": "2020-04-20T13:11:52.373Z",
      "modified_at": "2020-04-20T13:11:52.373Z",
      "created_by_user": null,
      "created_by_group": null,
      "label": "{\"en\": \"How many commits did your project receive within the last 12 months?\"}",
      "type": "integer",
      "is_required": "true",
      "is_hidden": "false",
      "is_archived": false,
      "placeholder": "{\"en\": null}",
      "info_text": "{\"en\": null}",
      "static_content": "{\"en\": \"\"}",
      "configuration": { "max_value": null, "min_value": 0 },
      "meta": {},
      "data_source": null,
      "row_form": null,
      "sub_form": null,
      "source": null,
      "format_validators": "[]"
    }
  },
  {
    "model": "caluma_form.question",
    "pk": "contact-email",
    "fields": {
      "created_at": "2020-04-20T13:19:00.655Z",
      "modified_at": "2020-04-20T13:19:00.655Z",
      "created_by_user": null,
      "created_by_group": null,
      "label": "{\"en\": \"Contact email address\"}",
      "type": "text",
      "is_required": "true",
      "is_hidden": "!('part-of-the-project'|answer == 'part-of-the-project-no')",
      "is_archived": false,
      "placeholder": "{\"en\": null}",
      "info_text": "{\"en\": null}",
      "static_content": "{\"en\": \"\"}",
      "configuration": { "max_length": null, "min_length": null },
      "meta": {},
      "data_source": null,
      "row_form": null,
      "sub_form": null,
      "source": null,
      "format_validators": "[\"email\"]"
    }
  },
  {
    "model": "caluma_form.question",
    "pk": "contact-name",
    "fields": {
      "created_at": "2020-04-20T13:18:29.864Z",
      "modified_at": "2020-04-20T13:18:29.864Z",
      "created_by_user": null,
      "created_by_group": null,
      "label": "{\"en\": \"Contact name\"}",
      "type": "text",
      "is_required": "true",
      "is_hidden": "!('part-of-the-project'|answer == 'part-of-the-project-no')",
      "is_archived": false,
      "placeholder": "{\"en\": null}",
      "info_text": "{\"en\": null}",
      "static_content": "{\"en\": \"\"}",
      "configuration": { "max_length": null, "min_length": null },
      "meta": {},
      "data_source": null,
      "row_form": null,
      "sub_form": null,
      "source": null,
      "format_validators": "[]"
    }
  },
  {
    "model": "caluma_form.question",
    "pk": "email",
    "fields": {
      "created_at": "2020-04-17T13:02:40.920Z",
      "modified_at": "2020-04-20T13:10:11.363Z",
      "created_by_user": null,
      "created_by_group": null,
      "label": "{\"en\": \"Your email address\"}",
      "type": "text",
      "is_required": "true",
      "is_hidden": "false",
      "is_archived": false,
      "placeholder": "{\"en\": \"\"}",
      "info_text": "{\"en\": \"\"}",
      "static_content": "{\"en\": \"\"}",
      "configuration": { "max_length": null, "min_length": null },
      "meta": {},
      "data_source": null,
      "row_form": null,
      "sub_form": null,
      "source": null,
      "format_validators": "[\"email\"]"
    }
  },
  {
    "model": "caluma_form.question",
    "pk": "founded-in",
    "fields": {
      "created_at": "2020-04-20T13:02:52.113Z",
      "modified_at": "2020-04-20T13:10:48.839Z",
      "created_by_user": null,
      "created_by_group": null,
      "label": "{\"en\": \"Founded in\"}",
      "type": "integer",
      "is_required": "true",
      "is_hidden": "false",
      "is_archived": false,
      "placeholder": "{\"en\": \"\"}",
      "info_text": "{\"en\": \"\"}",
      "static_content": "{\"en\": \"\"}",
      "configuration": { "max_value": 2020, "min_value": 1900 },
      "meta": {},
      "data_source": null,
      "row_form": null,
      "sub_form": null,
      "source": null,
      "format_validators": "[]"
    }
  },
  {
    "model": "caluma_form.question",
    "pk": "location",
    "fields": {
      "created_at": "2020-04-17T13:12:56.026Z",
      "modified_at": "2020-04-20T13:10:21.549Z",
      "created_by_user": null,
      "created_by_group": null,
      "label": "{\"en\": \"Location\"}",
      "type": "text",
      "is_required": "true",
      "is_hidden": "false",
      "is_archived": false,
      "placeholder": "{\"en\": \"\"}",
      "info_text": "{\"en\": \"\"}",
      "static_content": "{\"en\": \"\"}",
      "configuration": { "max_length": null, "min_length": null },
      "meta": {},
      "data_source": null,
      "row_form": null,
      "sub_form": null,
      "source": null,
      "format_validators": "[]"
    }
  },
  {
    "model": "caluma_form.question",
    "pk": "logo",
    "fields": {
      "created_at": "2020-04-20T13:03:20.664Z",
      "modified_at": "2020-04-20T13:03:20.664Z",
      "created_by_user": null,
      "created_by_group": null,
      "label": "{\"en\": \"Project logo\"}",
      "type": "file",
      "is_required": "false",
      "is_hidden": "false",
      "is_archived": false,
      "placeholder": "{\"en\": null}",
      "info_text": "{\"en\": null}",
      "static_content": "{\"en\": \"\"}",
      "configuration": {},
      "meta": {},
      "data_source": null,
      "row_form": null,
      "sub_form": null,
      "source": null,
      "format_validators": "[]"
    }
  },
  {
    "model": "caluma_form.question",
    "pk": "name",
    "fields": {
      "created_at": "2020-04-17T13:02:06.341Z",
      "modified_at": "2020-04-20T13:10:06.385Z",
      "created_by_user": null,
      "created_by_group": null,
      "label": "{\"en\": \"Your name\"}",
      "type": "text",
      "is_required": "true",
      "is_hidden": "false",
      "is_archived": false,
      "placeholder": "{\"en\": \"\"}",
      "info_text": "{\"en\": \"\"}",
      "static_content": "{\"en\": \"\"}",
      "configuration": { "max_length": null, "min_length": null },
      "meta": {},
      "data_source": null,
      "row_form": null,
      "sub_form": null,
      "source": null,
      "format_validators": "[]"
    }
  },
  {
    "model": "caluma_form.question",
    "pk": "nomination-step-1",
    "fields": {
      "created_at": "2020-04-29T13:13:54.590Z",
      "modified_at": "2020-04-29T13:44:24.747Z",
      "created_by_user": "user",
      "created_by_group": null,
      "label": "{\"en\": \"Step 1\"}",
      "type": "form",
      "is_required": "false",
      "is_hidden": "false",
      "is_archived": false,
      "placeholder": "{\"en\": null}",
      "info_text": "{\"en\": \"\"}",
      "static_content": "{\"en\": \"\"}",
      "configuration": {},
      "meta": {},
      "data_source": null,
      "row_form": null,
      "sub_form": "nomination-step-1",
      "source": null,
      "format_validators": "[]"
    }
  },
  {
    "model": "caluma_form.question",
    "pk": "nomination-step-2",
    "fields": {
      "created_at": "2020-04-29T13:14:16.137Z",
      "modified_at": "2020-04-29T13:44:28.611Z",
      "created_by_user": "user",
      "created_by_group": null,
      "label": "{\"en\": \"Step 2\"}",
      "type": "form",
      "is_required": "false",
      "is_hidden": "false",
      "is_archived": false,
      "placeholder": "{\"en\": null}",
      "info_text": "{\"en\": \"\"}",
      "static_content": "{\"en\": \"\"}",
      "configuration": {},
      "meta": {},
      "data_source": null,
      "row_form": null,
      "sub_form": "nomination-step-2",
      "source": null,
      "format_validators": "[]"
    }
  },
  {
    "model": "caluma_form.question",
    "pk": "nomination-title-1",
    "fields": {
      "created_at": "2020-04-17T13:12:12.589Z",
      "modified_at": "2020-04-29T13:34:28.535Z",
      "created_by_user": null,
      "created_by_group": null,
      "label": "{\"en\": \"\"}",
      "type": "static",
      "is_required": "false",
      "is_hidden": "false",
      "is_archived": false,
      "placeholder": "{\"en\": null}",
      "info_text": "{\"en\": \"\"}",
      "static_content": "{\"en\": \"### Nominate a project for the DINAcon Awards 2020\"}",
      "configuration": {},
      "meta": {},
      "data_source": null,
      "row_form": null,
      "sub_form": null,
      "source": null,
      "format_validators": "[]"
    }
  },
  {
    "model": "caluma_form.question",
    "pk": "nomination-title-2",
    "fields": {
      "created_at": "2020-04-17T13:12:35.327Z",
      "modified_at": "2020-04-29T13:34:36.743Z",
      "created_by_user": null,
      "created_by_group": null,
      "label": "{\"en\": \"\"}",
      "type": "static",
      "is_required": "false",
      "is_hidden": "false",
      "is_archived": false,
      "placeholder": "{\"en\": null}",
      "info_text": "{\"en\": \"\"}",
      "static_content": "{\"en\": \"### Please help us with some additional information\"}",
      "configuration": {},
      "meta": {},
      "data_source": null,
      "row_form": null,
      "sub_form": null,
      "source": null,
      "format_validators": "[]"
    }
  },
  {
    "model": "caluma_form.question",
    "pk": "official-project-name",
    "fields": {
      "created_at": "2020-04-20T13:02:23.943Z",
      "modified_at": "2020-04-20T13:10:45.270Z",
      "created_by_user": null,
      "created_by_group": null,
      "label": "{\"en\": \"Official project name\"}",
      "type": "text",
      "is_required": "true",
      "is_hidden": "false",
      "is_archived": false,
      "placeholder": "{\"en\": \"\"}",
      "info_text": "{\"en\": \"\"}",
      "static_content": "{\"en\": \"\"}",
      "configuration": { "max_length": null, "min_length": null },
      "meta": {},
      "data_source": null,
      "row_form": null,
      "sub_form": null,
      "source": null,
      "format_validators": "[]"
    }
  },
  {
    "model": "caluma_form.question",
    "pk": "part-of-the-project",
    "fields": {
      "created_at": "2020-04-17T13:08:09.228Z",
      "modified_at": "2020-04-20T13:10:16.460Z",
      "created_by_user": null,
      "created_by_group": null,
      "label": "{\"en\": \"Are you part of the project?\"}",
      "type": "choice",
      "is_required": "true",
      "is_hidden": "false",
      "is_archived": false,
      "placeholder": "{\"en\": null}",
      "info_text": "{\"en\": \"\"}",
      "static_content": "{\"en\": \"\"}",
      "configuration": {},
      "meta": { "hideLabel": true },
      "data_source": null,
      "row_form": null,
      "sub_form": null,
      "source": null,
      "format_validators": "[]"
    }
  },
  {
    "model": "caluma_form.question",
    "pk": "project-maturity",
    "fields": {
      "created_at": "2020-04-20T13:06:02.318Z",
      "modified_at": "2020-04-20T13:11:02.473Z",
      "created_by_user": null,
      "created_by_group": null,
      "label": "{\"en\": \"How mature is your project? Still in the early stages or already a rock-solid solution?\"}",
      "type": "choice",
      "is_required": "true",
      "is_hidden": "false",
      "is_archived": false,
      "placeholder": "{\"en\": null}",
      "info_text": "{\"en\": \"\"}",
      "static_content": "{\"en\": \"\"}",
      "configuration": {},
      "meta": {},
      "data_source": null,
      "row_form": null,
      "sub_form": null,
      "source": null,
      "format_validators": "[]"
    }
  },
  {
    "model": "caluma_form.question",
    "pk": "project-name",
    "fields": {
      "created_at": "2020-04-17T13:01:48.513Z",
      "modified_at": "2020-04-20T13:10:01.177Z",
      "created_by_user": null,
      "created_by_group": null,
      "label": "{\"en\": \"Company / project name\"}",
      "type": "text",
      "is_required": "true",
      "is_hidden": "false",
      "is_archived": false,
      "placeholder": "{\"en\": \"\"}",
      "info_text": "{\"en\": \"\"}",
      "static_content": "{\"en\": \"\"}",
      "configuration": { "max_length": null, "min_length": null },
      "meta": {},
      "data_source": null,
      "row_form": null,
      "sub_form": null,
      "source": null,
      "format_validators": "[]"
    }
  },
  {
    "model": "caluma_form.question",
    "pk": "reason",
    "fields": {
      "created_at": "2020-04-17T13:16:05.526Z",
      "modified_at": "2020-04-20T13:10:35.095Z",
      "created_by_user": null,
      "created_by_group": null,
      "label": "{\"en\": \"Why should this project win a DINAcon Award?\"}",
      "type": "textarea",
      "is_required": "true",
      "is_hidden": "false",
      "is_archived": false,
      "placeholder": "{\"en\": \"\"}",
      "info_text": "{\"en\": \"\"}",
      "static_content": "{\"en\": \"\"}",
      "configuration": { "max_length": 1000, "min_length": null },
      "meta": {},
      "data_source": null,
      "row_form": null,
      "sub_form": null,
      "source": null,
      "format_validators": "[]"
    }
  },
  {
    "model": "caluma_form.question",
    "pk": "short-description",
    "fields": {
      "created_at": "2020-04-20T13:07:15.628Z",
      "modified_at": "2020-04-20T13:11:07.850Z",
      "created_by_user": null,
      "created_by_group": null,
      "label": "{\"en\": \"Short Description of Community/Company/Institution/Administration\"}",
      "type": "textarea",
      "is_required": "true",
      "is_hidden": "false",
      "is_archived": false,
      "placeholder": "{\"en\": \"Please give us some background of the organization behind the project\"}",
      "info_text": "{\"en\": \"\"}",
      "static_content": "{\"en\": \"\"}",
      "configuration": { "max_length": null, "min_length": null },
      "meta": {},
      "data_source": null,
      "row_form": null,
      "sub_form": null,
      "source": null,
      "format_validators": "[]"
    }
  },
  {
    "model": "caluma_form.question",
    "pk": "social-impact",
    "fields": {
      "created_at": "2020-04-20T13:12:16.913Z",
      "modified_at": "2020-04-20T13:12:16.913Z",
      "created_by_user": null,
      "created_by_group": null,
      "label": "{\"en\": \"What social impact does your project have?\"}",
      "type": "textarea",
      "is_required": "false",
      "is_hidden": "false",
      "is_archived": false,
      "placeholder": "{\"en\": null}",
      "info_text": "{\"en\": null}",
      "static_content": "{\"en\": \"\"}",
      "configuration": { "max_length": 1500, "min_length": null },
      "meta": {},
      "data_source": null,
      "row_form": null,
      "sub_form": null,
      "source": null,
      "format_validators": "[]"
    }
  },
  {
    "model": "caluma_form.question",
    "pk": "start-year",
    "fields": {
      "created_at": "2020-04-17T13:17:12.628Z",
      "modified_at": "2020-04-20T13:10:40.916Z",
      "created_by_user": null,
      "created_by_group": null,
      "label": "{\"en\": \"When did this project start?\"}",
      "type": "integer",
      "is_required": "true",
      "is_hidden": "false",
      "is_archived": false,
      "placeholder": "{\"en\": \"\"}",
      "info_text": "{\"en\": \"\"}",
      "static_content": "{\"en\": \"\"}",
      "configuration": { "max_value": 2020, "min_value": 1900 },
      "meta": {},
      "data_source": null,
      "row_form": null,
      "sub_form": null,
      "source": null,
      "format_validators": "[]"
    }
  },
  {
    "model": "caluma_form.question",
    "pk": "submit-application-button",
    "fields": {
      "created_at": "2020-04-29T15:33:56.475Z",
      "modified_at": "2020-04-29T15:33:56.475Z",
      "created_by_user": "user",
      "created_by_group": null,
      "label": "{\"en\": \"Submit application\"}",
      "type": "static",
      "is_required": "false",
      "is_hidden": "false",
      "is_archived": false,
      "placeholder": "{\"en\": null}",
      "info_text": "{\"en\": null}",
      "static_content": "{\"en\": \"\"}",
      "configuration": {},
      "meta": {
        "widgetOverride": "complete-workitem-button",
        "routeAfterSuccess": "/fill-form/complete?type=application"
      },
      "data_source": null,
      "row_form": null,
      "sub_form": null,
      "source": null,
      "format_validators": "[]"
    }
  },
  {
    "model": "caluma_form.question",
    "pk": "submit-nomination-button",
    "fields": {
      "created_at": "2020-04-20T14:01:18.640Z",
      "modified_at": "2020-04-20T14:01:18.640Z",
      "created_by_user": null,
      "created_by_group": null,
      "label": "{\"en\": \"Submit nomination\"}",
      "type": "static",
      "is_required": "false",
      "is_hidden": "false",
      "is_archived": false,
      "placeholder": "{\"en\": null}",
      "info_text": "{\"en\": null}",
      "static_content": "{\"en\": \"\"}",
      "configuration": {},
      "meta": {
        "widgetOverride": "complete-workitem-button",
        "routeAfterSuccess": "/fill-form/complete?type=nomination"
      },
      "data_source": null,
      "row_form": null,
      "sub_form": null,
      "source": null,
      "format_validators": "[]"
    }
  },
  {
    "model": "caluma_form.question",
    "pk": "website",
    "fields": {
      "created_at": "2020-04-17T13:13:12.930Z",
      "modified_at": "2020-04-20T13:10:25.629Z",
      "created_by_user": null,
      "created_by_group": null,
      "label": "{\"en\": \"Website\"}",
      "type": "text",
      "is_required": "true",
      "is_hidden": "false",
      "is_archived": false,
      "placeholder": "{\"en\": \"\"}",
      "info_text": "{\"en\": \"\"}",
      "static_content": "{\"en\": \"\"}",
      "configuration": { "max_length": null, "min_length": null },
      "meta": {},
      "data_source": null,
      "row_form": null,
      "sub_form": null,
      "source": null,
      "format_validators": "[]"
    }
  },
  {
    "model": "caluma_form.option",
    "pk": "category-best-newcomer",
    "fields": {
      "created_at": "2020-04-17T13:15:12.167Z",
      "modified_at": "2020-04-20T13:10:30.689Z",
      "created_by_user": null,
      "created_by_group": null,
      "label": "{\"en\": \"Best Newcomer\"}",
      "is_archived": false,
      "meta": {},
      "source": null
    }
  },
  {
    "model": "caluma_form.option",
    "pk": "category-best-open-source-project",
    "fields": {
      "created_at": "2020-04-17T13:15:12.167Z",
      "modified_at": "2020-04-20T13:10:30.690Z",
      "created_by_user": null,
      "created_by_group": null,
      "label": "{\"en\": \"Best Open Source Project\"}",
      "is_archived": false,
      "meta": {},
      "source": null
    }
  },
  {
    "model": "caluma_form.option",
    "pk": "category-best-practice",
    "fields": {
      "created_at": "2020-04-17T13:15:12.165Z",
      "modified_at": "2020-04-20T13:10:30.688Z",
      "created_by_user": null,
      "created_by_group": null,
      "label": "{\"en\": \"Best Practice\"}",
      "is_archived": false,
      "meta": {},
      "source": null
    }
  },
  {
    "model": "caluma_form.option",
    "pk": "category-open-data",
    "fields": {
      "created_at": "2020-04-17T13:15:12.166Z",
      "modified_at": "2020-04-20T13:10:30.690Z",
      "created_by_user": null,
      "created_by_group": null,
      "label": "{\"en\": \"Open Data\"}",
      "is_archived": false,
      "meta": {},
      "source": null
    }
  },
  {
    "model": "caluma_form.option",
    "pk": "category-open-education-award",
    "fields": {
      "created_at": "2020-04-17T13:15:12.167Z",
      "modified_at": "2020-04-20T13:10:30.693Z",
      "created_by_user": null,
      "created_by_group": null,
      "label": "{\"en\": \"Open Education Award\"}",
      "is_archived": false,
      "meta": {},
      "source": null
    }
  },
  {
    "model": "caluma_form.option",
    "pk": "commercial-relevance-conmmercial",
    "fields": {
      "created_at": "2020-04-20T13:08:27.525Z",
      "modified_at": "2020-04-20T13:11:12.900Z",
      "created_by_user": null,
      "created_by_group": null,
      "label": "{\"en\": \"It is commercially driven and we pay salaries\"}",
      "is_archived": false,
      "meta": {},
      "source": null
    }
  },
  {
    "model": "caluma_form.option",
    "pk": "commercial-relevance-non-profit",
    "fields": {
      "created_at": "2020-04-20T13:08:27.215Z",
      "modified_at": "2020-04-20T13:11:12.899Z",
      "created_by_user": null,
      "created_by_group": null,
      "label": "{\"en\": \"This is a pure non-profit project\"}",
      "is_archived": false,
      "meta": {},
      "source": null
    }
  },
  {
    "model": "caluma_form.option",
    "pk": "commercial-relevance-other",
    "fields": {
      "created_at": "2020-04-20T13:08:27.215Z",
      "modified_at": "2020-04-20T13:11:12.902Z",
      "created_by_user": null,
      "created_by_group": null,
      "label": "{\"en\": \"Other\"}",
      "is_archived": false,
      "meta": {},
      "source": null
    }
  },
  {
    "model": "caluma_form.option",
    "pk": "commercial-relevance-regular-revenue",
    "fields": {
      "created_at": "2020-04-20T13:08:27.215Z",
      "modified_at": "2020-04-20T13:11:12.900Z",
      "created_by_user": null,
      "created_by_group": null,
      "label": "{\"en\": \"We get regular revenue but it doesn't pay the bills\"}",
      "is_archived": false,
      "meta": {},
      "source": null
    }
  },
  {
    "model": "caluma_form.option",
    "pk": "commercial-relevance-sponsoring",
    "fields": {
      "created_at": "2020-04-20T13:08:27.214Z",
      "modified_at": "2020-04-20T13:11:12.899Z",
      "created_by_user": null,
      "created_by_group": null,
      "label": "{\"en\": \"We accept sponsoring and distribute it within the project\"}",
      "is_archived": false,
      "meta": {},
      "source": null
    }
  },
  {
    "model": "caluma_form.option",
    "pk": "part-of-the-project-no",
    "fields": {
      "created_at": "2020-04-17T13:08:09.088Z",
      "modified_at": "2020-04-20T13:10:16.316Z",
      "created_by_user": null,
      "created_by_group": null,
      "label": "{\"en\": \"I am not part of the project, but I would like to nominate them\"}",
      "is_archived": false,
      "meta": {},
      "source": null
    }
  },
  {
    "model": "caluma_form.option",
    "pk": "part-of-the-project-yes",
    "fields": {
      "created_at": "2020-04-17T13:08:09.088Z",
      "modified_at": "2020-04-20T13:10:16.316Z",
      "created_by_user": null,
      "created_by_group": null,
      "label": "{\"en\": \"I am part of the project\"}",
      "is_archived": false,
      "meta": {},
      "source": null
    }
  },
  {
    "model": "caluma_form.option",
    "pk": "project-maturity-beginning",
    "fields": {
      "created_at": "2020-04-20T13:06:02.216Z",
      "modified_at": "2020-04-20T13:11:02.376Z",
      "created_by_user": null,
      "created_by_group": null,
      "label": "{\"en\": \"The project is live and we have some users\"}",
      "is_archived": false,
      "meta": {},
      "source": null
    }
  },
  {
    "model": "caluma_form.option",
    "pk": "project-maturity-draft",
    "fields": {
      "created_at": "2020-04-20T13:06:02.122Z",
      "modified_at": "2020-04-20T13:11:02.375Z",
      "created_by_user": null,
      "created_by_group": null,
      "label": "{\"en\": \"I am still thinking about how to start with the project\"}",
      "is_archived": false,
      "meta": {},
      "source": null
    }
  },
  {
    "model": "caluma_form.option",
    "pk": "project-maturity-established",
    "fields": {
      "created_at": "2020-04-20T13:06:02.125Z",
      "modified_at": "2020-04-20T13:11:02.376Z",
      "created_by_user": null,
      "created_by_group": null,
      "label": "{\"en\": \"We are well established and many people are using it\"}",
      "is_archived": false,
      "meta": {},
      "source": null
    }
  },
  {
    "model": "caluma_form.option",
    "pk": "project-maturity-mature",
    "fields": {
      "created_at": "2020-04-20T13:06:02.213Z",
      "modified_at": "2020-04-20T13:11:02.377Z",
      "created_by_user": null,
      "created_by_group": null,
      "label": "{\"en\": \"There is a vivid community of users and contributors\"}",
      "is_archived": false,
      "meta": {},
      "source": null
    }
  },
  {
    "model": "caluma_form.option",
    "pk": "project-maturity-poc",
    "fields": {
      "created_at": "2020-04-20T13:06:02.125Z",
      "modified_at": "2020-04-20T13:11:02.372Z",
      "created_by_user": null,
      "created_by_group": null,
      "label": "{\"en\": \"We have a basic proof of concept working\"}",
      "is_archived": false,
      "meta": {},
      "source": null
    }
  },
  {
    "model": "caluma_form.questionoption",
    "pk": "category.category-best-newcomer",
    "fields": {
      "created_at": "2020-04-20T13:10:30.804Z",
      "modified_at": "2020-04-20T13:10:30.804Z",
      "created_by_user": null,
      "created_by_group": null,
      "question": "category",
      "option": "category-best-newcomer",
      "sort": 4
    }
  },
  {
    "model": "caluma_form.questionoption",
    "pk": "category.category-best-open-source-project",
    "fields": {
      "created_at": "2020-04-20T13:10:30.809Z",
      "modified_at": "2020-04-20T13:10:30.809Z",
      "created_by_user": null,
      "created_by_group": null,
      "question": "category",
      "option": "category-best-open-source-project",
      "sort": 5
    }
  },
  {
    "model": "caluma_form.questionoption",
    "pk": "category.category-best-practice",
    "fields": {
      "created_at": "2020-04-20T13:10:30.800Z",
      "modified_at": "2020-04-20T13:10:30.800Z",
      "created_by_user": null,
      "created_by_group": null,
      "question": "category",
      "option": "category-best-practice",
      "sort": 3
    }
  },
  {
    "model": "caluma_form.questionoption",
    "pk": "category.category-open-data",
    "fields": {
      "created_at": "2020-04-20T13:10:30.795Z",
      "modified_at": "2020-04-20T13:10:30.795Z",
      "created_by_user": null,
      "created_by_group": null,
      "question": "category",
      "option": "category-open-data",
      "sort": 2
    }
  },
  {
    "model": "caluma_form.questionoption",
    "pk": "category.category-open-education-award",
    "fields": {
      "created_at": "2020-04-20T13:10:30.790Z",
      "modified_at": "2020-04-20T13:10:30.790Z",
      "created_by_user": null,
      "created_by_group": null,
      "question": "category",
      "option": "category-open-education-award",
      "sort": 1
    }
  },
  {
    "model": "caluma_form.questionoption",
    "pk": "commercial-relevance.commercial-relevance-conmmercial",
    "fields": {
      "created_at": "2020-04-20T13:11:13.090Z",
      "modified_at": "2020-04-20T13:11:13.090Z",
      "created_by_user": null,
      "created_by_group": null,
      "question": "commercial-relevance",
      "option": "commercial-relevance-conmmercial",
      "sort": 2
    }
  },
  {
    "model": "caluma_form.questionoption",
    "pk": "commercial-relevance.commercial-relevance-non-profit",
    "fields": {
      "created_at": "2020-04-20T13:11:13.101Z",
      "modified_at": "2020-04-20T13:11:13.101Z",
      "created_by_user": null,
      "created_by_group": null,
      "question": "commercial-relevance",
      "option": "commercial-relevance-non-profit",
      "sort": 5
    }
  },
  {
    "model": "caluma_form.questionoption",
    "pk": "commercial-relevance.commercial-relevance-other",
    "fields": {
      "created_at": "2020-04-20T13:11:13.085Z",
      "modified_at": "2020-04-20T13:11:13.085Z",
      "created_by_user": null,
      "created_by_group": null,
      "question": "commercial-relevance",
      "option": "commercial-relevance-other",
      "sort": 1
    }
  },
  {
    "model": "caluma_form.questionoption",
    "pk": "commercial-relevance.commercial-relevance-regular-revenue",
    "fields": {
      "created_at": "2020-04-20T13:11:13.094Z",
      "modified_at": "2020-04-20T13:11:13.094Z",
      "created_by_user": null,
      "created_by_group": null,
      "question": "commercial-relevance",
      "option": "commercial-relevance-regular-revenue",
      "sort": 3
    }
  },
  {
    "model": "caluma_form.questionoption",
    "pk": "commercial-relevance.commercial-relevance-sponsoring",
    "fields": {
      "created_at": "2020-04-20T13:11:13.098Z",
      "modified_at": "2020-04-20T13:11:13.098Z",
      "created_by_user": null,
      "created_by_group": null,
      "question": "commercial-relevance",
      "option": "commercial-relevance-sponsoring",
      "sort": 4
    }
  },
  {
    "model": "caluma_form.questionoption",
    "pk": "part-of-the-project.part-of-the-project-no",
    "fields": {
      "created_at": "2020-04-20T13:10:16.467Z",
      "modified_at": "2020-04-20T13:10:16.467Z",
      "created_by_user": null,
      "created_by_group": null,
      "question": "part-of-the-project",
      "option": "part-of-the-project-no",
      "sort": 1
    }
  },
  {
    "model": "caluma_form.questionoption",
    "pk": "part-of-the-project.part-of-the-project-yes",
    "fields": {
      "created_at": "2020-04-20T13:10:16.473Z",
      "modified_at": "2020-04-20T13:10:16.473Z",
      "created_by_user": null,
      "created_by_group": null,
      "question": "part-of-the-project",
      "option": "part-of-the-project-yes",
      "sort": 2
    }
  },
  {
    "model": "caluma_form.questionoption",
    "pk": "project-maturity.project-maturity-beginning",
    "fields": {
      "created_at": "2020-04-20T13:11:02.489Z",
      "modified_at": "2020-04-20T13:11:02.490Z",
      "created_by_user": null,
      "created_by_group": null,
      "question": "project-maturity",
      "option": "project-maturity-beginning",
      "sort": 3
    }
  },
  {
    "model": "caluma_form.questionoption",
    "pk": "project-maturity.project-maturity-draft",
    "fields": {
      "created_at": "2020-04-20T13:11:02.499Z",
      "modified_at": "2020-04-20T13:11:02.499Z",
      "created_by_user": null,
      "created_by_group": null,
      "question": "project-maturity",
      "option": "project-maturity-draft",
      "sort": 5
    }
  },
  {
    "model": "caluma_form.questionoption",
    "pk": "project-maturity.project-maturity-established",
    "fields": {
      "created_at": "2020-04-20T13:11:02.485Z",
      "modified_at": "2020-04-20T13:11:02.485Z",
      "created_by_user": null,
      "created_by_group": null,
      "question": "project-maturity",
      "option": "project-maturity-established",
      "sort": 2
    }
  },
  {
    "model": "caluma_form.questionoption",
    "pk": "project-maturity.project-maturity-mature",
    "fields": {
      "created_at": "2020-04-20T13:11:02.481Z",
      "modified_at": "2020-04-20T13:11:02.481Z",
      "created_by_user": null,
      "created_by_group": null,
      "question": "project-maturity",
      "option": "project-maturity-mature",
      "sort": 1
    }
  },
  {
    "model": "caluma_form.questionoption",
    "pk": "project-maturity.project-maturity-poc",
    "fields": {
      "created_at": "2020-04-20T13:11:02.495Z",
      "modified_at": "2020-04-20T13:11:02.495Z",
      "created_by_user": null,
      "created_by_group": null,
      "question": "project-maturity",
      "option": "project-maturity-poc",
      "sort": 4
    }
  },
  {
    "model": "caluma_form.formquestion",
    "pk": "application-step-1.application-title-1",
    "fields": {
      "created_at": "2020-04-29T13:20:31.497Z",
      "modified_at": "2020-04-29T13:20:31.497Z",
      "created_by_user": null,
      "created_by_group": null,
      "form": "application-step-1",
      "question": "application-title-1",
      "sort": 4
    }
  },
  {
    "model": "caluma_form.formquestion",
    "pk": "application-step-1.email",
    "fields": {
      "created_at": "2020-04-29T13:20:34.477Z",
      "modified_at": "2020-04-29T13:20:34.477Z",
      "created_by_user": null,
      "created_by_group": null,
      "form": "application-step-1",
      "question": "email",
      "sort": 1
    }
  },
  {
    "model": "caluma_form.formquestion",
    "pk": "application-step-1.name",
    "fields": {
      "created_at": "2020-04-29T13:20:33.413Z",
      "modified_at": "2020-04-29T13:20:33.413Z",
      "created_by_user": null,
      "created_by_group": null,
      "form": "application-step-1",
      "question": "name",
      "sort": 2
    }
  },
  {
    "model": "caluma_form.formquestion",
    "pk": "application-step-1.project-name",
    "fields": {
      "created_at": "2020-04-29T13:20:32.474Z",
      "modified_at": "2020-04-29T13:20:32.474Z",
      "created_by_user": null,
      "created_by_group": null,
      "form": "application-step-1",
      "question": "project-name",
      "sort": 3
    }
  },
  {
    "model": "caluma_form.formquestion",
    "pk": "application-step-2.category",
    "fields": {
      "created_at": "2020-04-29T13:19:08.929Z",
      "modified_at": "2020-04-29T13:19:08.929Z",
      "created_by_user": null,
      "created_by_group": null,
      "form": "application-step-2",
      "question": "category",
      "sort": 3
    }
  },
  {
    "model": "caluma_form.formquestion",
    "pk": "application-step-2.location",
    "fields": {
      "created_at": "2020-04-29T13:19:06.870Z",
      "modified_at": "2020-04-29T13:19:06.870Z",
      "created_by_user": null,
      "created_by_group": null,
      "form": "application-step-2",
      "question": "location",
      "sort": 5
    }
  },
  {
    "model": "caluma_form.formquestion",
    "pk": "application-step-2.nomination-title-2",
    "fields": {
      "created_at": "2020-04-29T13:19:05.639Z",
      "modified_at": "2020-04-29T13:19:05.639Z",
      "created_by_user": null,
      "created_by_group": null,
      "form": "application-step-2",
      "question": "nomination-title-2",
      "sort": 6
    }
  },
  {
    "model": "caluma_form.formquestion",
    "pk": "application-step-2.reason",
    "fields": {
      "created_at": "2020-04-29T13:19:09.758Z",
      "modified_at": "2020-04-29T13:19:09.758Z",
      "created_by_user": null,
      "created_by_group": null,
      "form": "application-step-2",
      "question": "reason",
      "sort": 2
    }
  },
  {
    "model": "caluma_form.formquestion",
    "pk": "application-step-2.start-year",
    "fields": {
      "created_at": "2020-04-29T13:19:10.728Z",
      "modified_at": "2020-04-29T13:19:10.728Z",
      "created_by_user": null,
      "created_by_group": null,
      "form": "application-step-2",
      "question": "start-year",
      "sort": 1
    }
  },
  {
    "model": "caluma_form.formquestion",
    "pk": "application-step-2.website",
    "fields": {
      "created_at": "2020-04-29T13:19:07.970Z",
      "modified_at": "2020-04-29T13:19:07.970Z",
      "created_by_user": null,
      "created_by_group": null,
      "form": "application-step-2",
      "question": "website",
      "sort": 4
    }
  },
  {
    "model": "caluma_form.formquestion",
    "pk": "application-step-3.additional-project-files",
    "fields": {
      "created_at": "2020-04-29T13:19:29.204Z",
      "modified_at": "2020-04-29T13:19:29.204Z",
      "created_by_user": null,
      "created_by_group": null,
      "form": "application-step-3",
      "question": "additional-project-files",
      "sort": 1
    }
  },
  {
    "model": "caluma_form.formquestion",
    "pk": "application-step-3.application-title-2",
    "fields": {
      "created_at": "2020-04-29T13:19:24.077Z",
      "modified_at": "2020-04-29T13:19:24.077Z",
      "created_by_user": null,
      "created_by_group": null,
      "form": "application-step-3",
      "question": "application-title-2",
      "sort": 5
    }
  },
  {
    "model": "caluma_form.formquestion",
    "pk": "application-step-3.founded-in",
    "fields": {
      "created_at": "2020-04-29T13:19:26.440Z",
      "modified_at": "2020-04-29T13:19:26.440Z",
      "created_by_user": null,
      "created_by_group": null,
      "form": "application-step-3",
      "question": "founded-in",
      "sort": 3
    }
  },
  {
    "model": "caluma_form.formquestion",
    "pk": "application-step-3.logo",
    "fields": {
      "created_at": "2020-04-29T13:19:28.196Z",
      "modified_at": "2020-04-29T13:19:28.196Z",
      "created_by_user": null,
      "created_by_group": null,
      "form": "application-step-3",
      "question": "logo",
      "sort": 2
    }
  },
  {
    "model": "caluma_form.formquestion",
    "pk": "application-step-3.official-project-name",
    "fields": {
      "created_at": "2020-04-29T13:19:25.532Z",
      "modified_at": "2020-04-29T13:19:25.533Z",
      "created_by_user": null,
      "created_by_group": null,
      "form": "application-step-3",
      "question": "official-project-name",
      "sort": 4
    }
  },
  {
    "model": "caluma_form.formquestion",
    "pk": "application-step-4.additional-documents",
    "fields": {
      "created_at": "2020-04-29T13:21:43.683Z",
      "modified_at": "2020-04-29T13:21:43.683Z",
      "created_by_user": null,
      "created_by_group": null,
      "form": "application-step-4",
      "question": "additional-documents",
      "sort": 2
    }
  },
  {
    "model": "caluma_form.formquestion",
    "pk": "application-step-4.anything-else",
    "fields": {
      "created_at": "2020-04-29T13:21:36.318Z",
      "modified_at": "2020-04-29T13:21:36.318Z",
      "created_by_user": null,
      "created_by_group": null,
      "form": "application-step-4",
      "question": "anything-else",
      "sort": 3
    }
  },
  {
    "model": "caluma_form.formquestion",
    "pk": "application-step-4.application-title-3",
    "fields": {
      "created_at": "2020-04-29T13:21:11.863Z",
      "modified_at": "2020-04-29T13:21:11.863Z",
      "created_by_user": null,
      "created_by_group": null,
      "form": "application-step-4",
      "question": "application-title-3",
      "sort": 10
    }
  },
  {
    "model": "caluma_form.formquestion",
    "pk": "application-step-4.commercial-relevance",
    "fields": {
      "created_at": "2020-04-29T13:21:20.165Z",
      "modified_at": "2020-04-29T13:21:20.165Z",
      "created_by_user": null,
      "created_by_group": null,
      "form": "application-step-4",
      "question": "commercial-relevance",
      "sort": 7
    }
  },
  {
    "model": "caluma_form.formquestion",
    "pk": "application-step-4.commercial-relevance-other",
    "fields": {
      "created_at": "2020-04-29T13:21:23.267Z",
      "modified_at": "2020-04-29T13:21:23.267Z",
      "created_by_user": null,
      "created_by_group": null,
      "form": "application-step-4",
      "question": "commercial-relevance-other",
      "sort": 6
    }
  },
  {
    "model": "caluma_form.formquestion",
    "pk": "application-step-4.commits",
    "fields": {
      "created_at": "2020-04-29T13:21:28.320Z",
      "modified_at": "2020-04-29T13:21:28.320Z",
      "created_by_user": null,
      "created_by_group": null,
      "form": "application-step-4",
      "question": "commits",
      "sort": 5
    }
  },
  {
    "model": "caluma_form.formquestion",
    "pk": "application-step-4.project-maturity",
    "fields": {
      "created_at": "2020-04-29T13:21:13.714Z",
      "modified_at": "2020-04-29T13:21:13.714Z",
      "created_by_user": null,
      "created_by_group": null,
      "form": "application-step-4",
      "question": "project-maturity",
      "sort": 9
    }
  },
  {
    "model": "caluma_form.formquestion",
    "pk": "application-step-4.short-description",
    "fields": {
      "created_at": "2020-04-29T13:21:15.510Z",
      "modified_at": "2020-04-29T13:21:15.510Z",
      "created_by_user": null,
      "created_by_group": null,
      "form": "application-step-4",
      "question": "short-description",
      "sort": 8
    }
  },
  {
    "model": "caluma_form.formquestion",
    "pk": "application-step-4.social-impact",
    "fields": {
      "created_at": "2020-04-29T13:21:31.782Z",
      "modified_at": "2020-04-29T13:21:31.782Z",
      "created_by_user": null,
      "created_by_group": null,
      "form": "application-step-4",
      "question": "social-impact",
      "sort": 4
    }
  },
  {
    "model": "caluma_form.formquestion",
    "pk": "application-step-4.submit-application-button",
    "fields": {
      "created_at": "2020-04-29T15:33:56.529Z",
      "modified_at": "2020-04-29T15:33:56.529Z",
      "created_by_user": null,
      "created_by_group": null,
      "form": "application-step-4",
      "question": "submit-application-button",
      "sort": 1
    }
  },
  {
    "model": "caluma_form.formquestion",
    "pk": "application.application-step-1",
    "fields": {
      "created_at": "2020-04-29T13:22:51.230Z",
      "modified_at": "2020-04-29T13:22:51.230Z",
      "created_by_user": null,
      "created_by_group": null,
      "form": "application",
      "question": "application-step-1",
      "sort": 4
    }
  },
  {
    "model": "caluma_form.formquestion",
    "pk": "application.application-step-2",
    "fields": {
      "created_at": "2020-04-29T13:23:20.688Z",
      "modified_at": "2020-04-29T13:23:20.688Z",
      "created_by_user": null,
      "created_by_group": null,
      "form": "application",
      "question": "application-step-2",
      "sort": 3
    }
  },
  {
    "model": "caluma_form.formquestion",
    "pk": "application.application-step-3",
    "fields": {
      "created_at": "2020-04-29T13:23:36.116Z",
      "modified_at": "2020-04-29T13:23:36.116Z",
      "created_by_user": null,
      "created_by_group": null,
      "form": "application",
      "question": "application-step-3",
      "sort": 2
    }
  },
  {
    "model": "caluma_form.formquestion",
    "pk": "application.application-step-4",
    "fields": {
      "created_at": "2020-04-29T13:24:09.538Z",
      "modified_at": "2020-04-29T13:24:09.538Z",
      "created_by_user": null,
      "created_by_group": null,
      "form": "application",
      "question": "application-step-4",
      "sort": 1
    }
  },
  {
    "model": "caluma_form.formquestion",
    "pk": "nomination-step-1.contact-email",
    "fields": {
      "created_at": "2020-04-29T13:12:26.513Z",
      "modified_at": "2020-04-29T13:12:26.513Z",
      "created_by_user": null,
      "created_by_group": null,
      "form": "nomination-step-1",
      "question": "contact-email",
      "sort": 1
    }
  },
  {
    "model": "caluma_form.formquestion",
    "pk": "nomination-step-1.contact-name",
    "fields": {
      "created_at": "2020-04-29T13:12:25.179Z",
      "modified_at": "2020-04-29T13:12:25.179Z",
      "created_by_user": null,
      "created_by_group": null,
      "form": "nomination-step-1",
      "question": "contact-name",
      "sort": 2
    }
  },
  {
    "model": "caluma_form.formquestion",
    "pk": "nomination-step-1.email",
    "fields": {
      "created_at": "2020-04-29T13:12:19.221Z",
      "modified_at": "2020-04-29T13:12:19.221Z",
      "created_by_user": null,
      "created_by_group": null,
      "form": "nomination-step-1",
      "question": "email",
      "sort": 4
    }
  },
  {
    "model": "caluma_form.formquestion",
    "pk": "nomination-step-1.name",
    "fields": {
      "created_at": "2020-04-29T13:12:18.214Z",
      "modified_at": "2020-04-29T13:12:18.214Z",
      "created_by_user": null,
      "created_by_group": null,
      "form": "nomination-step-1",
      "question": "name",
      "sort": 5
    }
  },
  {
    "model": "caluma_form.formquestion",
    "pk": "nomination-step-1.nomination-title-1",
    "fields": {
      "created_at": "2020-04-29T13:12:12.996Z",
      "modified_at": "2020-04-29T13:12:12.996Z",
      "created_by_user": null,
      "created_by_group": null,
      "form": "nomination-step-1",
      "question": "nomination-title-1",
      "sort": 7
    }
  },
  {
    "model": "caluma_form.formquestion",
    "pk": "nomination-step-1.part-of-the-project",
    "fields": {
      "created_at": "2020-04-29T13:12:21.661Z",
      "modified_at": "2020-04-29T13:12:21.661Z",
      "created_by_user": null,
      "created_by_group": null,
      "form": "nomination-step-1",
      "question": "part-of-the-project",
      "sort": 3
    }
  },
  {
    "model": "caluma_form.formquestion",
    "pk": "nomination-step-1.project-name",
    "fields": {
      "created_at": "2020-04-29T13:12:16.894Z",
      "modified_at": "2020-04-29T13:12:16.894Z",
      "created_by_user": null,
      "created_by_group": null,
      "form": "nomination-step-1",
      "question": "project-name",
      "sort": 6
    }
  },
  {
    "model": "caluma_form.formquestion",
    "pk": "nomination-step-2.category",
    "fields": {
      "created_at": "2020-04-29T13:11:48.948Z",
      "modified_at": "2020-04-29T13:11:48.948Z",
      "created_by_user": null,
      "created_by_group": null,
      "form": "nomination-step-2",
      "question": "category",
      "sort": 4
    }
  },
  {
    "model": "caluma_form.formquestion",
    "pk": "nomination-step-2.location",
    "fields": {
      "created_at": "2020-04-29T13:11:46.309Z",
      "modified_at": "2020-04-29T13:11:46.309Z",
      "created_by_user": null,
      "created_by_group": null,
      "form": "nomination-step-2",
      "question": "location",
      "sort": 6
    }
  },
  {
    "model": "caluma_form.formquestion",
    "pk": "nomination-step-2.nomination-title-2",
    "fields": {
      "created_at": "2020-04-29T13:11:45.033Z",
      "modified_at": "2020-04-29T13:11:45.033Z",
      "created_by_user": null,
      "created_by_group": null,
      "form": "nomination-step-2",
      "question": "nomination-title-2",
      "sort": 7
    }
  },
  {
    "model": "caluma_form.formquestion",
    "pk": "nomination-step-2.reason",
    "fields": {
      "created_at": "2020-04-29T13:11:49.773Z",
      "modified_at": "2020-04-29T13:11:49.773Z",
      "created_by_user": null,
      "created_by_group": null,
      "form": "nomination-step-2",
      "question": "reason",
      "sort": 3
    }
  },
  {
    "model": "caluma_form.formquestion",
    "pk": "nomination-step-2.start-year",
    "fields": {
      "created_at": "2020-04-29T13:11:50.658Z",
      "modified_at": "2020-04-29T13:11:50.658Z",
      "created_by_user": null,
      "created_by_group": null,
      "form": "nomination-step-2",
      "question": "start-year",
      "sort": 2
    }
  },
  {
    "model": "caluma_form.formquestion",
    "pk": "nomination-step-2.submit-nomination-button",
    "fields": {
      "created_at": "2020-04-29T13:12:51.164Z",
      "modified_at": "2020-04-29T13:12:51.164Z",
      "created_by_user": null,
      "created_by_group": null,
      "form": "nomination-step-2",
      "question": "submit-nomination-button",
      "sort": 1
    }
  },
  {
    "model": "caluma_form.formquestion",
    "pk": "nomination-step-2.website",
    "fields": {
      "created_at": "2020-04-29T13:11:47.305Z",
      "modified_at": "2020-04-29T13:11:47.305Z",
      "created_by_user": null,
      "created_by_group": null,
      "form": "nomination-step-2",
      "question": "website",
      "sort": 5
    }
  },
  {
    "model": "caluma_form.formquestion",
    "pk": "nomination.nomination-step-1",
    "fields": {
      "created_at": "2020-04-29T13:13:54.715Z",
      "modified_at": "2020-04-29T13:13:54.715Z",
      "created_by_user": null,
      "created_by_group": null,
      "form": "nomination",
      "question": "nomination-step-1",
      "sort": 2
    }
  },
  {
    "model": "caluma_form.formquestion",
    "pk": "nomination.nomination-step-2",
    "fields": {
      "created_at": "2020-04-29T13:14:16.191Z",
      "modified_at": "2020-04-29T13:14:16.191Z",
      "created_by_user": null,
      "created_by_group": null,
      "form": "nomination",
      "question": "nomination-step-2",
      "sort": 1
    }
  }
]
