[
  {
    "model": "caluma_form.form",
    "pk": "application",
    "fields": {
      "created_at": "2020-04-20T12:53:56.137Z",
      "modified_at": "2020-05-14T08:45:36.973Z",
      "created_by_user": null,
      "created_by_group": null,
      "name": "{\"en\": \"Application\", \"de\": \"Bewerbung\"}",
      "description": "{\"en\": \"\", \"de\": \"\"}",
      "meta": {},
      "is_published": true,
      "is_archived": false,
      "source": null
    }
  },
  {
    "model": "caluma_form.form",
    "pk": "application-step-1",
    "fields": {
      "created_at": "2020-04-29T13:15:52.221Z",
      "modified_at": "2020-05-14T08:45:14.724Z",
      "created_by_user": "user",
      "created_by_group": null,
      "name": "{\"en\": \"Application - Step 1\", \"de\": \"Bewerbung - Schritt 1\"}",
      "description": "{\"en\": \"\", \"de\": \"\"}",
      "meta": {},
      "is_published": true,
      "is_archived": false,
      "source": null
    }
  },
  {
    "model": "caluma_form.form",
    "pk": "application-step-2",
    "fields": {
      "created_at": "2020-04-29T13:16:01.230Z",
      "modified_at": "2020-05-14T08:45:08.479Z",
      "created_by_user": "user",
      "created_by_group": null,
      "name": "{\"en\": \"Application - Step 2\", \"de\": \"Bewerbung - Schritt 2\"}",
      "description": "{\"en\": \"\", \"de\": \"\"}",
      "meta": {},
      "is_published": true,
      "is_archived": false,
      "source": null
    }
  },
  {
    "model": "caluma_form.form",
    "pk": "application-step-3",
    "fields": {
      "created_at": "2020-04-29T13:16:10.615Z",
      "modified_at": "2020-05-14T08:45:20.799Z",
      "created_by_user": "user",
      "created_by_group": null,
      "name": "{\"en\": \"Application - Step 3\", \"de\": \"Bewerbung - Schritt 3\"}",
      "description": "{\"en\": \"\", \"de\": \"\"}",
      "meta": {},
      "is_published": true,
      "is_archived": false,
      "source": null
    }
  },
  {
    "model": "caluma_form.form",
    "pk": "application-step-4",
    "fields": {
      "created_at": "2020-04-29T13:16:39.870Z",
      "modified_at": "2020-05-14T08:45:26.439Z",
      "created_by_user": "user",
      "created_by_group": null,
      "name": "{\"en\": \"Application - Step 4\", \"de\": \"Bewerbung - Schritt 2\"}",
      "description": "{\"en\": \"\", \"de\": \"\"}",
      "meta": {},
      "is_published": true,
      "is_archived": false,
      "source": null
    }
  },
  {
    "model": "caluma_form.form",
    "pk": "nomination",
    "fields": {
      "created_at": "2020-04-17T12:52:38.049Z",
      "modified_at": "2020-04-17T12:52:38.049Z",
      "created_by_user": null,
      "created_by_group": null,
      "name": "{\"en\": \"Nomination\", \"de\": null}",
      "description": "{\"en\": \"\", \"de\": null}",
      "meta": {},
      "is_published": true,
      "is_archived": false,
      "source": null
    }
  },
  {
    "model": "caluma_form.form",
    "pk": "nomination-step-1",
    "fields": {
      "created_at": "2020-04-29T13:11:03.369Z",
      "modified_at": "2020-05-14T08:44:46.999Z",
      "created_by_user": "user",
      "created_by_group": null,
      "name": "{\"en\": \"Nomination - Step 1\", \"de\": \"Nomination - Schritt 1\"}",
      "description": "{\"en\": \"\", \"de\": \"\"}",
      "meta": {},
      "is_published": true,
      "is_archived": false,
      "source": null
    }
  },
  {
    "model": "caluma_form.form",
    "pk": "nomination-step-2",
    "fields": {
      "created_at": "2020-04-29T13:11:35.243Z",
      "modified_at": "2020-05-14T08:44:55.712Z",
      "created_by_user": "user",
      "created_by_group": null,
      "name": "{\"en\": \"Nomination - Step 2\", \"de\": \"Nomination - Schritt 2\"}",
      "description": "{\"en\": \"\", \"de\": \"\"}",
      "meta": {},
      "is_published": true,
      "is_archived": false,
      "source": null
    }
  },
  {
    "model": "caluma_form.question",
    "pk": "additional-documents",
    "fields": {
      "created_at": "2020-04-20T13:13:17.627Z",
      "modified_at": "2020-05-14T08:31:01.070Z",
      "created_by_user": null,
      "created_by_group": null,
      "label": "{\"en\": \"Additional documents like slides, presentations or designs?\", \"de\": \"Zus\\u00e4tzliche Dokumente wie Slides, Designs oder kurze Business-Pl\\u00e4ne?\"}",
      "type": "file",
      "is_required": "false",
      "is_hidden": "false",
      "is_archived": false,
      "placeholder": "{\"en\": null, \"de\": null}",
      "info_text": "{\"en\": \"If you have screenshots, code snipplets or other data that describes your project in some visual way then that\\u2019s the place to put it and to impress our jury.\", \"de\": \"Wenn Sie Screenshots, Codeschnipsel oder andere Daten haben, die Ihr Projekt auf irgendeine visuelle Art und Weise beschreiben, dann ist dies der richtige Ort, um diese einzubringen und unsere Jury damit zu \\u00fcberzeugen.\"}",
      "static_content": "{\"en\": \"\", \"de\": \"\"}",
      "configuration": {},
      "meta": {},
      "data_source": null,
      "row_form": null,
      "sub_form": null,
      "source": null,
      "format_validators": "[]"
    }
  },
  {
    "model": "caluma_form.question",
    "pk": "anything-else",
    "fields": {
      "created_at": "2020-04-20T13:12:38.757Z",
      "modified_at": "2020-05-14T08:37:21.306Z",
      "created_by_user": null,
      "created_by_group": null,
      "label": "{\"en\": \"Anything else you want to tell us?\", \"de\": \"Sonstige Informationen:\"}",
      "type": "textarea",
      "is_required": "false",
      "is_hidden": "false",
      "is_archived": false,
      "placeholder": "{\"en\": null, \"de\": \"\"}",
      "info_text": "{\"en\": null, \"de\": \"\"}",
      "static_content": "{\"en\": \"\", \"de\": \"\"}",
      "configuration": { "max_length": null, "min_length": null },
      "meta": {},
      "data_source": null,
      "row_form": null,
      "sub_form": null,
      "source": null,
      "format_validators": "[]"
    }
  },
  {
    "model": "caluma_form.question",
    "pk": "application-step-1",
    "fields": {
      "created_at": "2020-04-29T13:22:51.178Z",
      "modified_at": "2020-05-14T08:45:48.978Z",
      "created_by_user": "user",
      "created_by_group": null,
      "label": "{\"en\": \"Step 1\", \"de\": \"Schritt 1\"}",
      "type": "form",
      "is_required": "false",
      "is_hidden": "false",
      "is_archived": false,
      "placeholder": "{\"en\": null, \"de\": null}",
      "info_text": "{\"en\": \"\", \"de\": \"\"}",
      "static_content": "{\"en\": \"\", \"de\": \"\"}",
      "configuration": {},
      "meta": {},
      "data_source": null,
      "row_form": null,
      "sub_form": "application-step-1",
      "source": null,
      "format_validators": "[]"
    }
  },
  {
    "model": "caluma_form.question",
    "pk": "application-step-2",
    "fields": {
      "created_at": "2020-04-29T13:23:20.543Z",
      "modified_at": "2020-05-14T08:45:54.072Z",
      "created_by_user": "user",
      "created_by_group": null,
      "label": "{\"en\": \"Step 2\", \"de\": \"Schritt 2\"}",
      "type": "form",
      "is_required": "false",
      "is_hidden": "false",
      "is_archived": false,
      "placeholder": "{\"en\": null, \"de\": null}",
      "info_text": "{\"en\": \"\", \"de\": \"\"}",
      "static_content": "{\"en\": \"\", \"de\": \"\"}",
      "configuration": {},
      "meta": {},
      "data_source": null,
      "row_form": null,
      "sub_form": "application-step-2",
      "source": null,
      "format_validators": "[]"
    }
  },
  {
    "model": "caluma_form.question",
    "pk": "application-step-3",
    "fields": {
      "created_at": "2020-04-29T13:23:36.025Z",
      "modified_at": "2020-05-14T08:45:57.936Z",
      "created_by_user": "user",
      "created_by_group": null,
      "label": "{\"en\": \"Step 3\", \"de\": \"Schritt 3\"}",
      "type": "form",
      "is_required": "false",
      "is_hidden": "false",
      "is_archived": false,
      "placeholder": "{\"en\": null, \"de\": null}",
      "info_text": "{\"en\": \"\", \"de\": \"\"}",
      "static_content": "{\"en\": \"\", \"de\": \"\"}",
      "configuration": {},
      "meta": {},
      "data_source": null,
      "row_form": null,
      "sub_form": "application-step-3",
      "source": null,
      "format_validators": "[]"
    }
  },
  {
    "model": "caluma_form.question",
    "pk": "application-step-4",
    "fields": {
      "created_at": "2020-04-29T13:24:09.486Z",
      "modified_at": "2020-05-14T08:46:01.675Z",
      "created_by_user": "user",
      "created_by_group": null,
      "label": "{\"en\": \"Step 4\", \"de\": \"Schritt 4\"}",
      "type": "form",
      "is_required": "false",
      "is_hidden": "false",
      "is_archived": false,
      "placeholder": "{\"en\": null, \"de\": null}",
      "info_text": "{\"en\": \"\", \"de\": \"\"}",
      "static_content": "{\"en\": \"\", \"de\": \"\"}",
      "configuration": {},
      "meta": {},
      "data_source": null,
      "row_form": null,
      "sub_form": "application-step-4",
      "source": null,
      "format_validators": "[]"
    }
  },
  {
    "model": "caluma_form.question",
    "pk": "application-title-1",
    "fields": {
      "created_at": "2020-04-20T13:00:09.064Z",
      "modified_at": "2020-05-14T08:40:29.708Z",
      "created_by_user": null,
      "created_by_group": null,
      "label": "{\"en\": \"\", \"de\": \"\"}",
      "type": "static",
      "is_required": "false",
      "is_hidden": "false",
      "is_archived": false,
      "placeholder": "{\"en\": null, \"de\": null}",
      "info_text": "{\"en\": \"\", \"de\": \"\"}",
      "static_content": "{\"en\": \"### This was the information that were given to us when your project was first nominated\\n\\nPlease check the information and correct it if necessary.\", \"de\": \"### Diese Informationen haben wir bei Ihrer Nomination erhalten:\\n\\nBitte \\u00fcberpr\\u00fcfen Sie die Eintr\\u00e4ge und \\u00e4ndern Sie diese falls n\\u00f6tig.\"}",
      "configuration": {},
      "meta": {},
      "data_source": null,
      "row_form": null,
      "sub_form": null,
      "source": null,
      "format_validators": "[]"
    }
  },
  {
    "model": "caluma_form.question",
    "pk": "application-title-2",
    "fields": {
      "created_at": "2020-04-20T13:01:52.604Z",
      "modified_at": "2020-05-14T08:34:00.107Z",
      "created_by_user": null,
      "created_by_group": null,
      "label": "{\"en\": \"\", \"de\": \"\"}",
      "type": "static",
      "is_required": "false",
      "is_hidden": "false",
      "is_archived": false,
      "placeholder": "{\"en\": null, \"de\": null}",
      "info_text": "{\"en\": \"\", \"de\": \"\"}",
      "static_content": "{\"en\": \"### Help us to get to know your project further\", \"de\": \"### Helfen Sie uns, Ihr Projekt besser kennenzulernen\"}",
      "configuration": {},
      "meta": {},
      "data_source": null,
      "row_form": null,
      "sub_form": null,
      "source": null,
      "format_validators": "[]"
    }
  },
  {
    "model": "caluma_form.question",
    "pk": "application-title-3",
    "fields": {
      "created_at": "2020-04-20T13:04:32.147Z",
      "modified_at": "2020-05-14T08:33:27.507Z",
      "created_by_user": null,
      "created_by_group": null,
      "label": "{\"en\": \"\", \"de\": \"\"}",
      "type": "static",
      "is_required": "false",
      "is_hidden": "false",
      "is_archived": false,
      "placeholder": "{\"en\": null, \"de\": null}",
      "info_text": "{\"en\": \"\", \"de\": \"\"}",
      "static_content": "{\"en\": \"### Documents\", \"de\": \"### Dokumente\"}",
      "configuration": {},
      "meta": {},
      "data_source": null,
      "row_form": null,
      "sub_form": null,
      "source": null,
      "format_validators": "[]"
    }
  },
  {
    "model": "caluma_form.question",
    "pk": "category",
    "fields": {
      "created_at": "2020-04-17T13:15:12.254Z",
      "modified_at": "2020-05-14T08:39:31.158Z",
      "created_by_user": null,
      "created_by_group": null,
      "label": "{\"en\": \"In which category would you like to nominate your Project?\", \"de\": \"F\\u00fcr welche Kategorie w\\u00fcrden Sie das Projekt gerne nominieren?\"}",
      "type": "choice",
      "is_required": "true",
      "is_hidden": "false",
      "is_archived": false,
      "placeholder": "{\"en\": null, \"de\": null}",
      "info_text": "{\"en\": \"\", \"de\": \"\"}",
      "static_content": "{\"en\": \"\", \"de\": \"\"}",
      "configuration": {},
      "meta": {},
      "data_source": null,
      "row_form": null,
      "sub_form": null,
      "source": null,
      "format_validators": "[]"
    }
  },
  {
    "model": "caluma_form.question",
    "pk": "commercial-relevance",
    "fields": {
      "created_at": "2020-04-20T13:08:27.574Z",
      "modified_at": "2020-05-14T08:36:21.155Z",
      "created_by_user": null,
      "created_by_group": null,
      "label": "{\"en\": \"How relevant is your project in regard to a commercial use?\", \"de\": \"Wie steht Projekt im Hinblick auf kommerzielle Nutzung da?\"}",
      "type": "choice",
      "is_required": "true",
      "is_hidden": "false",
      "is_archived": false,
      "placeholder": "{\"en\": null, \"de\": null}",
      "info_text": "{\"en\": \"\", \"de\": \"\"}",
      "static_content": "{\"en\": \"\", \"de\": \"\"}",
      "configuration": {},
      "meta": {},
      "data_source": null,
      "row_form": null,
      "sub_form": null,
      "source": null,
      "format_validators": "[]"
    }
  },
  {
    "model": "caluma_form.question",
    "pk": "commercial-relevance-other",
    "fields": {
      "created_at": "2020-04-20T13:09:50.238Z",
      "modified_at": "2020-05-14T08:36:48.207Z",
      "created_by_user": null,
      "created_by_group": null,
      "label": "{\"en\": \"Please specify:\", \"de\": \"Bitte erl\\u00e4utern Sie:\"}",
      "type": "text",
      "is_required": "true",
      "is_hidden": "!('commercial-relevance'|answer == 'commercial-relevance-other')",
      "is_archived": false,
      "placeholder": "{\"en\": \"\", \"de\": \"\"}",
      "info_text": "{\"en\": \"\", \"de\": \"\"}",
      "static_content": "{\"en\": \"\", \"de\": \"\"}",
      "configuration": { "max_length": null, "min_length": null },
      "meta": {},
      "data_source": null,
      "row_form": null,
      "sub_form": null,
      "source": null,
      "format_validators": "[]"
    }
  },
  {
    "model": "caluma_form.question",
    "pk": "commits",
    "fields": {
      "created_at": "2020-04-20T13:11:52.373Z",
      "modified_at": "2020-05-14T08:37:01.199Z",
      "created_by_user": null,
      "created_by_group": null,
      "label": "{\"en\": \"How many commits did your project receive within the last 12 months?\", \"de\": \"Wie viele Commits hat Ihr Projekt in den vergangenen 12 Monaten erhalten?\"}",
      "type": "integer",
      "is_required": "true",
      "is_hidden": "false",
      "is_archived": false,
      "placeholder": "{\"en\": null, \"de\": \"\"}",
      "info_text": "{\"en\": null, \"de\": \"\"}",
      "static_content": "{\"en\": \"\", \"de\": \"\"}",
      "configuration": { "max_value": null, "min_value": 0 },
      "meta": {},
      "data_source": null,
      "row_form": null,
      "sub_form": null,
      "source": null,
      "format_validators": "[]"
    }
  },
  {
    "model": "caluma_form.question",
    "pk": "contact-email",
    "fields": {
      "created_at": "2020-04-20T13:19:00.655Z",
      "modified_at": "2020-05-14T08:44:30.271Z",
      "created_by_user": null,
      "created_by_group": null,
      "label": "{\"en\": \"Project email address\", \"de\": \"Emailadresse des Projekts\"}",
      "type": "text",
      "is_required": "true",
      "is_hidden": "!('part-of-the-project'|answer == 'part-of-the-project-no')",
      "is_archived": false,
      "placeholder": "{\"en\": \"\", \"de\": \"\"}",
      "info_text": "{\"en\": \"\", \"de\": \"\"}",
      "static_content": "{\"en\": \"\", \"de\": \"\"}",
      "configuration": { "max_length": null, "min_length": null },
      "meta": {},
      "data_source": null,
      "row_form": null,
      "sub_form": null,
      "source": null,
      "format_validators": "[\"email\"]"
    }
  },
  {
    "model": "caluma_form.question",
    "pk": "contact-name",
    "fields": {
      "created_at": "2020-04-20T13:18:29.864Z",
      "modified_at": "2020-05-14T08:44:23.011Z",
      "created_by_user": null,
      "created_by_group": null,
      "label": "{\"en\": \"Contact name of a project member\", \"de\": \"Kontaktname eines Projektmitglieds\"}",
      "type": "text",
      "is_required": "true",
      "is_hidden": "!('part-of-the-project'|answer == 'part-of-the-project-no')",
      "is_archived": false,
      "placeholder": "{\"en\": \"\", \"de\": \"\"}",
      "info_text": "{\"en\": \"\", \"de\": \"\"}",
      "static_content": "{\"en\": \"\", \"de\": \"\"}",
      "configuration": { "max_length": null, "min_length": null },
      "meta": {},
      "data_source": null,
      "row_form": null,
      "sub_form": null,
      "source": null,
      "format_validators": "[]"
    }
  },
  {
    "model": "caluma_form.question",
    "pk": "email",
    "fields": {
      "created_at": "2020-04-17T13:02:40.920Z",
      "modified_at": "2020-05-14T08:41:00.168Z",
      "created_by_user": null,
      "created_by_group": null,
      "label": "{\"en\": \"Your email address\", \"de\": \"Ihre Emailadresse\"}",
      "type": "text",
      "is_required": "true",
      "is_hidden": "false",
      "is_archived": false,
      "placeholder": "{\"en\": \"\", \"de\": \"\"}",
      "info_text": "{\"en\": \"\", \"de\": \"\"}",
      "static_content": "{\"en\": \"\", \"de\": \"\"}",
      "configuration": { "max_length": null, "min_length": null },
      "meta": {},
      "data_source": null,
      "row_form": null,
      "sub_form": null,
      "source": null,
      "format_validators": "[\"email\"]"
    }
  },
  {
    "model": "caluma_form.question",
    "pk": "location",
    "fields": {
      "created_at": "2020-04-17T13:12:56.026Z",
      "modified_at": "2020-05-14T08:38:02.095Z",
      "created_by_user": null,
      "created_by_group": null,
      "label": "{\"en\": \"Location\", \"de\": \"Projektstandort\"}",
      "type": "text",
      "is_required": "true",
      "is_hidden": "false",
      "is_archived": false,
      "placeholder": "{\"en\": \"\", \"de\": \"\"}",
      "info_text": "{\"en\": \"\", \"de\": \"\"}",
      "static_content": "{\"en\": \"\", \"de\": \"\"}",
      "configuration": { "max_length": null, "min_length": null },
      "meta": {},
      "data_source": null,
      "row_form": null,
      "sub_form": null,
      "source": null,
      "format_validators": "[]"
    }
  },
  {
    "model": "caluma_form.question",
    "pk": "logo",
    "fields": {
      "created_at": "2020-04-20T13:03:20.664Z",
      "modified_at": "2020-05-14T08:31:21.761Z",
      "created_by_user": null,
      "created_by_group": null,
      "label": "{\"en\": \"Project logo\", \"de\": \"Projekt Logo\"}",
      "type": "file",
      "is_required": "false",
      "is_hidden": "false",
      "is_archived": false,
      "placeholder": "{\"en\": null, \"de\": null}",
      "info_text": "{\"en\": null, \"de\": \"\"}",
      "static_content": "{\"en\": \"\", \"de\": \"\"}",
      "configuration": {},
      "meta": {},
      "data_source": null,
      "row_form": null,
      "sub_form": null,
      "source": null,
      "format_validators": "[]"
    }
  },
  {
    "model": "caluma_form.question",
    "pk": "name",
    "fields": {
      "created_at": "2020-04-17T13:02:06.341Z",
      "modified_at": "2020-05-14T08:40:52.258Z",
      "created_by_user": null,
      "created_by_group": null,
      "label": "{\"en\": \"Your name\", \"de\": \"Ihr Name\"}",
      "type": "text",
      "is_required": "true",
      "is_hidden": "false",
      "is_archived": false,
      "placeholder": "{\"en\": \"\", \"de\": \"\"}",
      "info_text": "{\"en\": \"\", \"de\": \"\"}",
      "static_content": "{\"en\": \"\", \"de\": \"\"}",
      "configuration": { "max_length": null, "min_length": null },
      "meta": {},
      "data_source": null,
      "row_form": null,
      "sub_form": null,
      "source": null,
      "format_validators": "[]"
    }
  },
  {
    "model": "caluma_form.question",
    "pk": "nomination-step-1",
    "fields": {
      "created_at": "2020-04-29T13:13:54.590Z",
      "modified_at": "2020-05-14T08:46:17.117Z",
      "created_by_user": "user",
      "created_by_group": null,
      "label": "{\"en\": \"Step 1\", \"de\": \"Schritt 1\"}",
      "type": "form",
      "is_required": "false",
      "is_hidden": "false",
      "is_archived": false,
      "placeholder": "{\"en\": null, \"de\": null}",
      "info_text": "{\"en\": \"\", \"de\": \"\"}",
      "static_content": "{\"en\": \"\", \"de\": \"\"}",
      "configuration": {},
      "meta": {},
      "data_source": null,
      "row_form": null,
      "sub_form": "nomination-step-1",
      "source": null,
      "format_validators": "[]"
    }
  },
  {
    "model": "caluma_form.question",
    "pk": "nomination-step-2",
    "fields": {
      "created_at": "2020-04-29T13:14:16.137Z",
      "modified_at": "2020-05-14T08:46:21.162Z",
      "created_by_user": "user",
      "created_by_group": null,
      "label": "{\"en\": \"Step 2\", \"de\": \"Schritt 1\"}",
      "type": "form",
      "is_required": "false",
      "is_hidden": "false",
      "is_archived": false,
      "placeholder": "{\"en\": null, \"de\": null}",
      "info_text": "{\"en\": \"\", \"de\": \"\"}",
      "static_content": "{\"en\": \"\", \"de\": \"\"}",
      "configuration": {},
      "meta": {},
      "data_source": null,
      "row_form": null,
      "sub_form": "nomination-step-2",
      "source": null,
      "format_validators": "[]"
    }
  },
  {
    "model": "caluma_form.question",
    "pk": "nomination-title-1",
    "fields": {
      "created_at": "2020-04-17T13:12:12.589Z",
      "modified_at": "2020-05-14T08:43:06.341Z",
      "created_by_user": null,
      "created_by_group": null,
      "label": "{\"en\": \"\", \"de\": \"\"}",
      "type": "static",
      "is_required": "false",
      "is_hidden": "false",
      "is_archived": false,
      "placeholder": "{\"en\": null, \"de\": null}",
      "info_text": "{\"en\": \"\", \"de\": \"\"}",
      "static_content": "{\"en\": \"### Nominate a project for the DINAcon Awards 2020\", \"de\": \"### Nominieren Sie ein Projekt f\\u00fcr die DINAcon Awards 2020\"}",
      "configuration": {},
      "meta": {},
      "data_source": null,
      "row_form": null,
      "sub_form": null,
      "source": null,
      "format_validators": "[]"
    }
  },
  {
    "model": "caluma_form.question",
    "pk": "nomination-title-2",
    "fields": {
      "created_at": "2020-04-17T13:12:35.327Z",
      "modified_at": "2020-05-14T08:37:54.041Z",
      "created_by_user": null,
      "created_by_group": null,
      "label": "{\"en\": \"\", \"de\": \"\"}",
      "type": "static",
      "is_required": "false",
      "is_hidden": "false",
      "is_archived": false,
      "placeholder": "{\"en\": null, \"de\": null}",
      "info_text": "{\"en\": \"\", \"de\": \"\"}",
      "static_content": "{\"en\": \"### Please help us with some additional information\", \"de\": \"### Bitte helfen Sie uns mit einigen zus\\u00e4tzlichen Informationen\"}",
      "configuration": {},
      "meta": {},
      "data_source": null,
      "row_form": null,
      "sub_form": null,
      "source": null,
      "format_validators": "[]"
    }
  },
  {
    "model": "caluma_form.question",
    "pk": "part-of-the-project",
    "fields": {
      "created_at": "2020-04-17T13:08:09.228Z",
      "modified_at": "2020-05-14T08:44:09.540Z",
      "created_by_user": null,
      "created_by_group": null,
      "label": "{\"en\": \"Are you part of the project?\", \"de\": \"Sind sie Teil des Projekts?\"}",
      "type": "choice",
      "is_required": "true",
      "is_hidden": "false",
      "is_archived": false,
      "placeholder": "{\"en\": null, \"de\": null}",
      "info_text": "{\"en\": \"\", \"de\": \"\"}",
      "static_content": "{\"en\": \"\", \"de\": \"\"}",
      "configuration": {},
      "meta": { "hideLabel": false },
      "data_source": null,
      "row_form": null,
      "sub_form": null,
      "source": null,
      "format_validators": "[]"
    }
  },
  {
    "model": "caluma_form.question",
    "pk": "project-maturity",
    "fields": {
      "created_at": "2020-04-20T13:06:02.318Z",
      "modified_at": "2020-05-14T08:41:30.091Z",
      "created_by_user": null,
      "created_by_group": null,
      "label": "{\"en\": \"How mature is your project? Still in the early stages or already a rock-solid solution?\", \"de\": \"Wie weit fortgeschritten ist Ihr Projekt? Steht es noch in den Startl\\u00f6chern oder steht eine erfahrene L\\u00f6sung / Dienstleistung bereit?\"}",
      "type": "choice",
      "is_required": "true",
      "is_hidden": "false",
      "is_archived": false,
      "placeholder": "{\"en\": null, \"de\": null}",
      "info_text": "{\"en\": \"\", \"de\": \"\"}",
      "static_content": "{\"en\": \"\", \"de\": \"\"}",
      "configuration": {},
      "meta": {},
      "data_source": null,
      "row_form": null,
      "sub_form": null,
      "source": null,
      "format_validators": "[]"
    }
  },
  {
    "model": "caluma_form.question",
    "pk": "project-name",
    "fields": {
      "created_at": "2020-04-17T13:01:48.513Z",
      "modified_at": "2020-05-14T08:40:44.476Z",
      "created_by_user": null,
      "created_by_group": null,
      "label": "{\"en\": \"Company / project name\", \"de\": \"Name Ihres Projekts / Unternehmens\"}",
      "type": "text",
      "is_required": "true",
      "is_hidden": "false",
      "is_archived": false,
      "placeholder": "{\"en\": \"\", \"de\": \"\"}",
      "info_text": "{\"en\": \"\", \"de\": \"\"}",
      "static_content": "{\"en\": \"\", \"de\": \"\"}",
      "configuration": { "max_length": null, "min_length": null },
      "meta": {},
      "data_source": null,
      "row_form": null,
      "sub_form": null,
      "source": null,
      "format_validators": "[]"
    }
  },
  {
    "model": "caluma_form.question",
    "pk": "reason",
    "fields": {
      "created_at": "2020-04-17T13:16:05.526Z",
      "modified_at": "2020-05-14T08:39:43.420Z",
      "created_by_user": null,
      "created_by_group": null,
      "label": "{\"en\": \"Why should this project win a DINAcon Award?\", \"de\": \"Wieso sollte dieses Projekt die DINAcon Awards gewinnen?\"}",
      "type": "textarea",
      "is_required": "true",
      "is_hidden": "false",
      "is_archived": false,
      "placeholder": "{\"en\": \"\", \"de\": \"\"}",
      "info_text": "{\"en\": \"\", \"de\": \"\"}",
      "static_content": "{\"en\": \"\", \"de\": \"\"}",
      "configuration": { "max_length": 1000, "min_length": null },
      "meta": {},
      "data_source": null,
      "row_form": null,
      "sub_form": null,
      "source": null,
      "format_validators": "[]"
    }
  },
  {
    "model": "caluma_form.question",
    "pk": "short-description",
    "fields": {
      "created_at": "2020-04-20T13:07:15.628Z",
      "modified_at": "2020-05-14T08:42:18.841Z",
      "created_by_user": null,
      "created_by_group": null,
      "label": "{\"en\": \"Short description of community / company / institution / administration\", \"de\": \"Kurze Beschreibung der Community / Unternehmung / Institution / Verwaltungsstelle:\"}",
      "type": "textarea",
      "is_required": "true",
      "is_hidden": "false",
      "is_archived": false,
      "placeholder": "{\"en\": \"Please give us some background of the organization behind the project\", \"de\": \"Bitte geben Sie uns einige Hintergrundinformationen \\u00fcber die Organisation, die hinter dem Projekt steht\"}",
      "info_text": "{\"en\": \"\", \"de\": \"\"}",
      "static_content": "{\"en\": \"\", \"de\": \"\"}",
      "configuration": { "max_length": null, "min_length": null },
      "meta": {},
      "data_source": null,
      "row_form": null,
      "sub_form": null,
      "source": null,
      "format_validators": "[]"
    }
  },
  {
    "model": "caluma_form.question",
    "pk": "social-impact",
    "fields": {
      "created_at": "2020-04-20T13:12:16.913Z",
      "modified_at": "2020-05-14T08:42:39.819Z",
      "created_by_user": null,
      "created_by_group": null,
      "label": "{\"en\": \"What social impact does your project have?\", \"de\": \"Was f\\u00fcr einen sozialen / gesellschaftlichen Mehrwert bietet Ihr Projekt?\"}",
      "type": "textarea",
      "is_required": "false",
      "is_hidden": "false",
      "is_archived": false,
      "placeholder": "{\"en\": null, \"de\": \"\"}",
      "info_text": "{\"en\": null, \"de\": \"\"}",
      "static_content": "{\"en\": \"\", \"de\": \"\"}",
      "configuration": { "max_length": 1500, "min_length": null },
      "meta": {},
      "data_source": null,
      "row_form": null,
      "sub_form": null,
      "source": null,
      "format_validators": "[]"
    }
  },
  {
    "model": "caluma_form.question",
    "pk": "start-year",
    "fields": {
      "created_at": "2020-04-17T13:17:12.628Z",
      "modified_at": "2020-05-14T08:39:51.942Z",
      "created_by_user": null,
      "created_by_group": null,
      "label": "{\"en\": \"In what year was this project founded?\", \"de\": \"In welchem Jahr wurde das Projekt gegr\\u00fcndet?\"}",
      "type": "integer",
      "is_required": "true",
      "is_hidden": "false",
      "is_archived": false,
      "placeholder": "{\"en\": \"\", \"de\": \"\"}",
      "info_text": "{\"en\": \"\", \"de\": \"\"}",
      "static_content": "{\"en\": \"\", \"de\": \"\"}",
      "configuration": { "max_value": 2020, "min_value": 1900 },
      "meta": {},
      "data_source": null,
      "row_form": null,
      "sub_form": null,
      "source": null,
      "format_validators": "[]"
    }
  },
  {
    "model": "caluma_form.question",
    "pk": "submit-application-button",
    "fields": {
      "created_at": "2020-04-29T15:33:56.475Z",
      "modified_at": "2020-04-29T15:33:56.475Z",
      "created_by_user": "user",
      "created_by_group": null,
      "label": "{\"en\": \"Submit application\", \"de\": \"Bewerbung einreichen\"}",
      "type": "static",
      "is_required": "false",
      "is_hidden": "false",
      "is_archived": false,
      "placeholder": "{\"en\": null, \"de\": null}",
      "info_text": "{\"en\": null, \"de\": null}",
      "static_content": "{\"en\": \"\", \"de\": \"\"}",
      "configuration": {},
      "meta": {
        "widgetOverride": "complete-workitem-button",
        "routeAfterSuccess": "/fill-form/complete?type=application"
      },
      "data_source": null,
      "row_form": null,
      "sub_form": null,
      "source": null,
      "format_validators": "[]"
    }
  },
  {
    "model": "caluma_form.question",
    "pk": "submit-nomination-button",
    "fields": {
      "created_at": "2020-04-20T14:01:18.640Z",
      "modified_at": "2020-04-20T14:01:18.640Z",
      "created_by_user": null,
      "created_by_group": null,
      "label": "{\"en\": \"Submit nomination\", \"de\": \"Nomination einreichen\"}",
      "type": "static",
      "is_required": "false",
      "is_hidden": "false",
      "is_archived": false,
      "placeholder": "{\"en\": null, \"de\": null}",
      "info_text": "{\"en\": null, \"de\": null}",
      "static_content": "{\"en\": \"\", \"de\": \"\"}",
      "configuration": {},
      "meta": {
        "widgetOverride": "complete-workitem-button",
        "routeAfterSuccess": "/fill-form/complete?type=nomination"
      },
      "data_source": null,
      "row_form": null,
      "sub_form": null,
      "source": null,
      "format_validators": "[]"
    }
  },
  {
    "model": "caluma_form.question",
    "pk": "website",
    "fields": {
      "created_at": "2020-04-17T13:13:12.930Z",
      "modified_at": "2020-05-14T08:38:14.359Z",
      "created_by_user": null,
      "created_by_group": null,
      "label": "{\"en\": \"Website\", \"de\": \"Website\"}",
      "type": "text",
      "is_required": "true",
      "is_hidden": "false",
      "is_archived": false,
      "placeholder": "{\"en\": \"\", \"de\": \"\"}",
      "info_text": "{\"en\": \"\", \"de\": \"\"}",
      "static_content": "{\"en\": \"\", \"de\": \"\"}",
      "configuration": { "max_length": null, "min_length": null },
      "meta": {},
      "data_source": null,
      "row_form": null,
      "sub_form": null,
      "source": null,
      "format_validators": "[]"
    }
  },
  {
    "model": "caluma_form.option",
    "pk": "category-business-award",
    "fields": {
      "created_at": "2020-04-17T13:15:12.167Z",
      "modified_at": "2020-05-14T08:39:30.883Z",
      "created_by_user": null,
      "created_by_group": null,
      "label": "{\"en\": \"Business Award\", \"de\": \"Business Award\"}",
      "is_archived": false,
      "meta": {},
      "source": null
    }
  },
  {
    "model": "caluma_form.option",
    "pk": "category-open-data-award",
    "fields": {
      "created_at": "2020-04-17T13:15:12.167Z",
      "modified_at": "2020-05-14T08:39:30.878Z",
      "created_by_user": null,
      "created_by_group": null,
      "label": "{\"en\": \"Open Data Award\", \"de\": \"Open Data Award\"}",
      "is_archived": false,
      "meta": {},
      "source": null
    }
  },
  {
    "model": "caluma_form.option",
    "pk": "category-open-government-award",
    "fields": {
      "created_at": "2020-04-17T13:15:12.165Z",
      "modified_at": "2020-05-14T08:39:30.894Z",
      "created_by_user": null,
      "created_by_group": null,
      "label": "{\"en\": \"Open Government Award\", \"de\": \"Open Government Award\"}",
      "is_archived": false,
      "meta": {},
      "source": null
    }
  },
  {
    "model": "caluma_form.option",
    "pk": "category-newcomer-award",
    "fields": {
      "created_at": "2020-04-17T13:15:12.166Z",
      "modified_at": "2020-05-14T08:39:30.920Z",
      "created_by_user": null,
      "created_by_group": null,
      "label": "{\"en\": \"Newcomer Award\", \"de\": \"Newcomer Award\"}",
      "is_archived": false,
      "meta": {},
      "source": null
    }
  },
  {
    "model": "caluma_form.option",
    "pk": "category-community-award",
    "fields": {
      "created_at": "2020-04-17T13:15:12.167Z",
      "modified_at": "2020-05-14T08:39:30.918Z",
      "created_by_user": null,
      "created_by_group": null,
      "label": "{\"en\": \"Community Award\", \"de\": \"Community Award\"}",
      "is_archived": false,
      "meta": {},
      "source": null
    }
  },
  {
    "model": "caluma_form.option",
    "pk": "category-open-knowledge-award",
    "fields": {
      "created_at": "2020-05-14T08:39:02.530Z",
      "modified_at": "2020-05-14T08:39:30.928Z",
      "created_by_user": "user",
      "created_by_group": null,
      "label": "{\"en\": \"Open Knowledge Award\", \"de\": \"Open Knowledge Award\"}",
      "is_archived": false,
      "meta": {},
      "source": null
    }
  },
  {
    "model": "caluma_form.option",
    "pk": "commercial-relevance-commercial",
    "fields": {
      "created_at": "2020-04-20T13:08:27.525Z",
      "modified_at": "2020-05-14T08:36:21.000Z",
      "created_by_user": null,
      "created_by_group": null,
      "label": "{\"en\": \"It is commercially driven and we pay salaries\", \"de\": \"Unser Gesch\\u00e4ftsmodell ist komerziell und wir bezahlen L\\u00f6hne\"}",
      "is_archived": false,
      "meta": {},
      "source": null
    }
  },
  {
    "model": "caluma_form.option",
    "pk": "commercial-relevance-non-profit",
    "fields": {
      "created_at": "2020-04-20T13:08:27.215Z",
      "modified_at": "2020-05-14T08:36:20.971Z",
      "created_by_user": null,
      "created_by_group": null,
      "label": "{\"en\": \"This is a pure non-profit project\", \"de\": \"Das Projekt ist ein reines Non-Profit Projekt\"}",
      "is_archived": false,
      "meta": {},
      "source": null
    }
  },
  {
    "model": "caluma_form.option",
    "pk": "commercial-relevance-other",
    "fields": {
      "created_at": "2020-04-20T13:08:27.215Z",
      "modified_at": "2020-05-14T08:36:20.986Z",
      "created_by_user": null,
      "created_by_group": null,
      "label": "{\"en\": \"Other\", \"de\": \"Anderes\"}",
      "is_archived": false,
      "meta": {},
      "source": null
    }
  },
  {
    "model": "caluma_form.option",
    "pk": "commercial-relevance-regular-revenue",
    "fields": {
      "created_at": "2020-04-20T13:08:27.215Z",
      "modified_at": "2020-05-14T08:36:21.009Z",
      "created_by_user": null,
      "created_by_group": null,
      "label": "{\"en\": \"We get regular revenue but it doesn't pay the bills\", \"de\": \"Wir erzeugen Einkommen, welches jedoch noch nicht zur Finanzierung des gesamten Projekts ausreicht.\"}",
      "is_archived": false,
      "meta": {},
      "source": null
    }
  },
  {
    "model": "caluma_form.option",
    "pk": "commercial-relevance-sponsoring",
    "fields": {
      "created_at": "2020-04-20T13:08:27.214Z",
      "modified_at": "2020-05-14T08:36:20.968Z",
      "created_by_user": null,
      "created_by_group": null,
      "label": "{\"en\": \"We accept sponsoring and distribute it within the project\", \"de\": \"Wir akzeptieren Sponsoren- oder sonstige Beitr\\u00e4ge und verteilen Sie im Projekt selbst\"}",
      "is_archived": false,
      "meta": {},
      "source": null
    }
  },
  {
    "model": "caluma_form.option",
    "pk": "part-of-the-project-no",
    "fields": {
      "created_at": "2020-04-17T13:08:09.088Z",
      "modified_at": "2020-05-14T08:44:09.463Z",
      "created_by_user": null,
      "created_by_group": null,
      "label": "{\"en\": \"I am not part of the project, but I would like to nominate them\", \"de\": \"Nein, ich bin nicht Teil davon, aber begeistert von der Idee / L\\u00f6sung\"}",
      "is_archived": false,
      "meta": {},
      "source": null
    }
  },
  {
    "model": "caluma_form.option",
    "pk": "part-of-the-project-yes",
    "fields": {
      "created_at": "2020-04-17T13:08:09.088Z",
      "modified_at": "2020-05-14T08:44:09.461Z",
      "created_by_user": null,
      "created_by_group": null,
      "label": "{\"en\": \"I am part of the project\", \"de\": \"Ja, ich bin Gr\\u00fcnder/in oder Teammitglied\"}",
      "is_archived": false,
      "meta": {},
      "source": null
    }
  },
  {
    "model": "caluma_form.option",
    "pk": "project-maturity-beginning",
    "fields": {
      "created_at": "2020-04-20T13:06:02.216Z",
      "modified_at": "2020-05-14T08:41:29.940Z",
      "created_by_user": null,
      "created_by_group": null,
      "label": "{\"en\": \"The project is live and we have some users\", \"de\": \"Unser Projekt l\\u00e4uft und hat erste Nutzer\"}",
      "is_archived": false,
      "meta": {},
      "source": null
    }
  },
  {
    "model": "caluma_form.option",
    "pk": "project-maturity-draft",
    "fields": {
      "created_at": "2020-04-20T13:06:02.122Z",
      "modified_at": "2020-05-14T08:41:29.929Z",
      "created_by_user": null,
      "created_by_group": null,
      "label": "{\"en\": \"I am still thinking about how to start with the project\", \"de\": \"Wir denken noch \\u00fcber unseren Projektstart nach\"}",
      "is_archived": false,
      "meta": {},
      "source": null
    }
  },
  {
    "model": "caluma_form.option",
    "pk": "project-maturity-established",
    "fields": {
      "created_at": "2020-04-20T13:06:02.125Z",
      "modified_at": "2020-05-14T08:41:29.932Z",
      "created_by_user": null,
      "created_by_group": null,
      "label": "{\"en\": \"We are well established and many people are using it\", \"de\": \"Wir sind gut etabliert, und haben viele Nutzer\"}",
      "is_archived": false,
      "meta": {},
      "source": null
    }
  },
  {
    "model": "caluma_form.option",
    "pk": "project-maturity-mature",
    "fields": {
      "created_at": "2020-04-20T13:06:02.213Z",
      "modified_at": "2020-05-14T08:41:29.941Z",
      "created_by_user": null,
      "created_by_group": null,
      "label": "{\"en\": \"There is a vivid community of users and contributors\", \"de\": \"Es gibt eine aktive Gemeinschaft von Benutzern und Mitwirkenden\"}",
      "is_archived": false,
      "meta": {},
      "source": null
    }
  },
  {
    "model": "caluma_form.option",
    "pk": "project-maturity-poc",
    "fields": {
      "created_at": "2020-04-20T13:06:02.125Z",
      "modified_at": "2020-05-14T08:41:29.934Z",
      "created_by_user": null,
      "created_by_group": null,
      "label": "{\"en\": \"We have a basic proof of concept working\", \"de\": \"Wir haben ein Grundkonzept, welches soweit funktioniert\"}",
      "is_archived": false,
      "meta": {},
      "source": null
    }
  },
  {
    "model": "caluma_form.questionoption",
    "pk": "category.category-business-award",
    "fields": {
      "created_at": "2020-05-14T08:39:31.175Z",
      "modified_at": "2020-05-14T08:39:31.175Z",
      "created_by_user": "user",
      "created_by_group": null,
      "question": "category",
      "option": "category-business-award",
      "sort": 5
    }
  },
  {
    "model": "caluma_form.questionoption",
    "pk": "category.category-open-data-award",
    "fields": {
      "created_at": "2020-05-14T08:39:31.178Z",
      "modified_at": "2020-05-14T08:39:31.178Z",
      "created_by_user": "user",
      "created_by_group": null,
      "question": "category",
      "option": "category-open-data-award",
      "sort": 6
    }
  },
  {
    "model": "caluma_form.questionoption",
    "pk": "category.category-open-government-award",
    "fields": {
      "created_at": "2020-05-14T08:39:31.173Z",
      "modified_at": "2020-05-14T08:39:31.173Z",
      "created_by_user": "user",
      "created_by_group": null,
      "question": "category",
      "option": "category-open-government-award",
      "sort": 4
    }
  },
  {
    "model": "caluma_form.questionoption",
    "pk": "category.category-newcomer-award",
    "fields": {
      "created_at": "2020-05-14T08:39:31.170Z",
      "modified_at": "2020-05-14T08:39:31.170Z",
      "created_by_user": "user",
      "created_by_group": null,
      "question": "category",
      "option": "category-newcomer-award",
      "sort": 3
    }
  },
  {
    "model": "caluma_form.questionoption",
    "pk": "category.category-community-award",
    "fields": {
      "created_at": "2020-05-14T08:39:31.167Z",
      "modified_at": "2020-05-14T08:39:31.167Z",
      "created_by_user": "user",
      "created_by_group": null,
      "question": "category",
      "option": "category-community-award",
      "sort": 2
    }
  },
  {
    "model": "caluma_form.questionoption",
    "pk": "category.category-open-knowledge-award",
    "fields": {
      "created_at": "2020-05-14T08:39:31.164Z",
      "modified_at": "2020-05-14T08:39:31.164Z",
      "created_by_user": "user",
      "created_by_group": null,
      "question": "category",
      "option": "category-open-knowledge-award",
      "sort": 1
    }
  },
  {
    "model": "caluma_form.questionoption",
    "pk": "commercial-relevance.commercial-relevance-commercial",
    "fields": {
      "created_at": "2020-05-14T08:36:21.165Z",
      "modified_at": "2020-05-14T08:36:21.165Z",
      "created_by_user": "user",
      "created_by_group": null,
      "question": "commercial-relevance",
      "option": "commercial-relevance-commercial",
      "sort": 2
    }
  },
  {
    "model": "caluma_form.questionoption",
    "pk": "commercial-relevance.commercial-relevance-non-profit",
    "fields": {
      "created_at": "2020-05-14T08:36:21.175Z",
      "modified_at": "2020-05-14T08:36:21.175Z",
      "created_by_user": "user",
      "created_by_group": null,
      "question": "commercial-relevance",
      "option": "commercial-relevance-non-profit",
      "sort": 5
    }
  },
  {
    "model": "caluma_form.questionoption",
    "pk": "commercial-relevance.commercial-relevance-other",
    "fields": {
      "created_at": "2020-05-14T08:36:21.162Z",
      "modified_at": "2020-05-14T08:36:21.162Z",
      "created_by_user": "user",
      "created_by_group": null,
      "question": "commercial-relevance",
      "option": "commercial-relevance-other",
      "sort": 1
    }
  },
  {
    "model": "caluma_form.questionoption",
    "pk": "commercial-relevance.commercial-relevance-regular-revenue",
    "fields": {
      "created_at": "2020-05-14T08:36:21.168Z",
      "modified_at": "2020-05-14T08:36:21.168Z",
      "created_by_user": "user",
      "created_by_group": null,
      "question": "commercial-relevance",
      "option": "commercial-relevance-regular-revenue",
      "sort": 3
    }
  },
  {
    "model": "caluma_form.questionoption",
    "pk": "commercial-relevance.commercial-relevance-sponsoring",
    "fields": {
      "created_at": "2020-05-14T08:36:21.172Z",
      "modified_at": "2020-05-14T08:36:21.172Z",
      "created_by_user": "user",
      "created_by_group": null,
      "question": "commercial-relevance",
      "option": "commercial-relevance-sponsoring",
      "sort": 4
    }
  },
  {
    "model": "caluma_form.questionoption",
    "pk": "part-of-the-project.part-of-the-project-no",
    "fields": {
      "created_at": "2020-05-14T08:44:09.546Z",
      "modified_at": "2020-05-14T08:44:09.546Z",
      "created_by_user": "user",
      "created_by_group": null,
      "question": "part-of-the-project",
      "option": "part-of-the-project-no",
      "sort": 1
    }
  },
  {
    "model": "caluma_form.questionoption",
    "pk": "part-of-the-project.part-of-the-project-yes",
    "fields": {
      "created_at": "2020-05-14T08:44:09.551Z",
      "modified_at": "2020-05-14T08:44:09.551Z",
      "created_by_user": "user",
      "created_by_group": null,
      "question": "part-of-the-project",
      "option": "part-of-the-project-yes",
      "sort": 2
    }
  },
  {
    "model": "caluma_form.questionoption",
    "pk": "project-maturity.project-maturity-beginning",
    "fields": {
      "created_at": "2020-05-14T08:41:30.105Z",
      "modified_at": "2020-05-14T08:41:30.105Z",
      "created_by_user": "user",
      "created_by_group": null,
      "question": "project-maturity",
      "option": "project-maturity-beginning",
      "sort": 3
    }
  },
  {
    "model": "caluma_form.questionoption",
    "pk": "project-maturity.project-maturity-draft",
    "fields": {
      "created_at": "2020-05-14T08:41:30.112Z",
      "modified_at": "2020-05-14T08:41:30.112Z",
      "created_by_user": "user",
      "created_by_group": null,
      "question": "project-maturity",
      "option": "project-maturity-draft",
      "sort": 5
    }
  },
  {
    "model": "caluma_form.questionoption",
    "pk": "project-maturity.project-maturity-established",
    "fields": {
      "created_at": "2020-05-14T08:41:30.101Z",
      "modified_at": "2020-05-14T08:41:30.101Z",
      "created_by_user": "user",
      "created_by_group": null,
      "question": "project-maturity",
      "option": "project-maturity-established",
      "sort": 2
    }
  },
  {
    "model": "caluma_form.questionoption",
    "pk": "project-maturity.project-maturity-mature",
    "fields": {
      "created_at": "2020-05-14T08:41:30.098Z",
      "modified_at": "2020-05-14T08:41:30.098Z",
      "created_by_user": "user",
      "created_by_group": null,
      "question": "project-maturity",
      "option": "project-maturity-mature",
      "sort": 1
    }
  },
  {
    "model": "caluma_form.questionoption",
    "pk": "project-maturity.project-maturity-poc",
    "fields": {
      "created_at": "2020-05-14T08:41:30.109Z",
      "modified_at": "2020-05-14T08:41:30.109Z",
      "created_by_user": "user",
      "created_by_group": null,
      "question": "project-maturity",
      "option": "project-maturity-poc",
      "sort": 4
    }
  },
  {
    "model": "caluma_form.formquestion",
    "pk": "application-step-1.application-title-1",
    "fields": {
      "created_at": "2020-04-29T13:20:31.497Z",
      "modified_at": "2020-04-29T13:20:31.497Z",
      "created_by_user": null,
      "created_by_group": null,
      "form": "application-step-1",
      "question": "application-title-1",
      "sort": 4
    }
  },
  {
    "model": "caluma_form.formquestion",
    "pk": "application-step-1.email",
    "fields": {
      "created_at": "2020-04-29T13:20:34.477Z",
      "modified_at": "2020-04-29T13:20:34.477Z",
      "created_by_user": null,
      "created_by_group": null,
      "form": "application-step-1",
      "question": "email",
      "sort": 1
    }
  },
  {
    "model": "caluma_form.formquestion",
    "pk": "application-step-1.name",
    "fields": {
      "created_at": "2020-04-29T13:20:33.413Z",
      "modified_at": "2020-04-29T13:20:33.413Z",
      "created_by_user": null,
      "created_by_group": null,
      "form": "application-step-1",
      "question": "name",
      "sort": 2
    }
  },
  {
    "model": "caluma_form.formquestion",
    "pk": "application-step-1.project-name",
    "fields": {
      "created_at": "2020-04-29T13:20:32.474Z",
      "modified_at": "2020-04-29T13:20:32.474Z",
      "created_by_user": null,
      "created_by_group": null,
      "form": "application-step-1",
      "question": "project-name",
      "sort": 3
    }
  },
  {
    "model": "caluma_form.formquestion",
    "pk": "application-step-2.category",
    "fields": {
      "created_at": "2020-04-29T13:19:08.929Z",
      "modified_at": "2020-04-29T13:19:08.929Z",
      "created_by_user": null,
      "created_by_group": null,
      "form": "application-step-2",
      "question": "category",
      "sort": 3
    }
  },
  {
    "model": "caluma_form.formquestion",
    "pk": "application-step-2.location",
    "fields": {
      "created_at": "2020-04-29T13:19:06.870Z",
      "modified_at": "2020-04-29T13:19:06.870Z",
      "created_by_user": null,
      "created_by_group": null,
      "form": "application-step-2",
      "question": "location",
      "sort": 5
    }
  },
  {
    "model": "caluma_form.formquestion",
    "pk": "application-step-2.nomination-title-2",
    "fields": {
      "created_at": "2020-04-29T13:19:05.639Z",
      "modified_at": "2020-04-29T13:19:05.639Z",
      "created_by_user": null,
      "created_by_group": null,
      "form": "application-step-2",
      "question": "nomination-title-2",
      "sort": 6
    }
  },
  {
    "model": "caluma_form.formquestion",
    "pk": "application-step-2.reason",
    "fields": {
      "created_at": "2020-04-29T13:19:09.758Z",
      "modified_at": "2020-04-29T13:19:09.758Z",
      "created_by_user": null,
      "created_by_group": null,
      "form": "application-step-2",
      "question": "reason",
      "sort": 2
    }
  },
  {
    "model": "caluma_form.formquestion",
    "pk": "application-step-2.start-year",
    "fields": {
      "created_at": "2020-04-29T13:19:10.728Z",
      "modified_at": "2020-04-29T13:19:10.728Z",
      "created_by_user": null,
      "created_by_group": null,
      "form": "application-step-2",
      "question": "start-year",
      "sort": 1
    }
  },
  {
    "model": "caluma_form.formquestion",
    "pk": "application-step-2.website",
    "fields": {
      "created_at": "2020-04-29T13:19:07.970Z",
      "modified_at": "2020-04-29T13:19:07.970Z",
      "created_by_user": null,
      "created_by_group": null,
      "form": "application-step-2",
      "question": "website",
      "sort": 4
    }
  },
  {
    "model": "caluma_form.formquestion",
    "pk": "application-step-3.anything-else",
    "fields": {
      "created_at": "2020-05-12T14:05:18.988Z",
      "modified_at": "2020-05-12T14:05:18.988Z",
      "created_by_user": null,
      "created_by_group": null,
      "form": "application-step-3",
      "question": "anything-else",
      "sort": 1
    }
  },
  {
    "model": "caluma_form.formquestion",
    "pk": "application-step-3.application-title-2",
    "fields": {
      "created_at": "2020-04-29T13:19:24.077Z",
      "modified_at": "2020-04-29T13:19:24.077Z",
      "created_by_user": null,
      "created_by_group": null,
      "form": "application-step-3",
      "question": "application-title-2",
      "sort": 8
    }
  },
  {
    "model": "caluma_form.formquestion",
    "pk": "application-step-3.commercial-relevance",
    "fields": {
      "created_at": "2020-05-12T14:04:55.926Z",
      "modified_at": "2020-05-12T14:04:55.926Z",
      "created_by_user": null,
      "created_by_group": null,
      "form": "application-step-3",
      "question": "commercial-relevance",
      "sort": 5
    }
  },
  {
    "model": "caluma_form.formquestion",
    "pk": "application-step-3.commercial-relevance-other",
    "fields": {
      "created_at": "2020-05-12T14:04:57.840Z",
      "modified_at": "2020-05-12T14:04:57.841Z",
      "created_by_user": null,
      "created_by_group": null,
      "form": "application-step-3",
      "question": "commercial-relevance-other",
      "sort": 4
    }
  },
  {
    "model": "caluma_form.formquestion",
    "pk": "application-step-3.commits",
    "fields": {
      "created_at": "2020-05-12T14:05:03.934Z",
      "modified_at": "2020-05-12T14:05:03.934Z",
      "created_by_user": null,
      "created_by_group": null,
      "form": "application-step-3",
      "question": "commits",
      "sort": 3
    }
  },
  {
    "model": "caluma_form.formquestion",
    "pk": "application-step-3.project-maturity",
    "fields": {
      "created_at": "2020-05-12T14:04:48.107Z",
      "modified_at": "2020-05-12T14:04:48.107Z",
      "created_by_user": null,
      "created_by_group": null,
      "form": "application-step-3",
      "question": "project-maturity",
      "sort": 7
    }
  },
  {
    "model": "caluma_form.formquestion",
    "pk": "application-step-3.short-description",
    "fields": {
      "created_at": "2020-05-12T14:04:52.062Z",
      "modified_at": "2020-05-12T14:04:52.062Z",
      "created_by_user": null,
      "created_by_group": null,
      "form": "application-step-3",
      "question": "short-description",
      "sort": 6
    }
  },
  {
    "model": "caluma_form.formquestion",
    "pk": "application-step-3.social-impact",
    "fields": {
      "created_at": "2020-05-12T14:05:12.779Z",
      "modified_at": "2020-05-12T14:05:12.779Z",
      "created_by_user": null,
      "created_by_group": null,
      "form": "application-step-3",
      "question": "social-impact",
      "sort": 2
    }
  },
  {
    "model": "caluma_form.formquestion",
    "pk": "application-step-4.additional-documents",
    "fields": {
      "created_at": "2020-04-29T13:21:43.683Z",
      "modified_at": "2020-04-29T13:21:43.683Z",
      "created_by_user": null,
      "created_by_group": null,
      "form": "application-step-4",
      "question": "additional-documents",
      "sort": 2
    }
  },
  {
    "model": "caluma_form.formquestion",
    "pk": "application-step-4.application-title-3",
    "fields": {
      "created_at": "2020-04-29T13:21:11.863Z",
      "modified_at": "2020-04-29T13:21:11.863Z",
      "created_by_user": null,
      "created_by_group": null,
      "form": "application-step-4",
      "question": "application-title-3",
      "sort": 5
    }
  },
  {
    "model": "caluma_form.formquestion",
    "pk": "application-step-4.logo",
    "fields": {
      "created_at": "2020-05-12T14:06:26.084Z",
      "modified_at": "2020-05-12T14:06:26.084Z",
      "created_by_user": null,
      "created_by_group": null,
      "form": "application-step-4",
      "question": "logo",
      "sort": 4
    }
  },
  {
    "model": "caluma_form.formquestion",
    "pk": "application-step-4.submit-application-button",
    "fields": {
      "created_at": "2020-04-29T15:33:56.529Z",
      "modified_at": "2020-04-29T15:33:56.529Z",
      "created_by_user": null,
      "created_by_group": null,
      "form": "application-step-4",
      "question": "submit-application-button",
      "sort": 1
    }
  },
  {
    "model": "caluma_form.formquestion",
    "pk": "application.application-step-1",
    "fields": {
      "created_at": "2020-04-29T13:22:51.230Z",
      "modified_at": "2020-04-29T13:22:51.230Z",
      "created_by_user": null,
      "created_by_group": null,
      "form": "application",
      "question": "application-step-1",
      "sort": 4
    }
  },
  {
    "model": "caluma_form.formquestion",
    "pk": "application.application-step-2",
    "fields": {
      "created_at": "2020-04-29T13:23:20.688Z",
      "modified_at": "2020-04-29T13:23:20.688Z",
      "created_by_user": null,
      "created_by_group": null,
      "form": "application",
      "question": "application-step-2",
      "sort": 3
    }
  },
  {
    "model": "caluma_form.formquestion",
    "pk": "application.application-step-3",
    "fields": {
      "created_at": "2020-04-29T13:23:36.116Z",
      "modified_at": "2020-04-29T13:23:36.116Z",
      "created_by_user": null,
      "created_by_group": null,
      "form": "application",
      "question": "application-step-3",
      "sort": 2
    }
  },
  {
    "model": "caluma_form.formquestion",
    "pk": "application.application-step-4",
    "fields": {
      "created_at": "2020-04-29T13:24:09.538Z",
      "modified_at": "2020-04-29T13:24:09.538Z",
      "created_by_user": null,
      "created_by_group": null,
      "form": "application",
      "question": "application-step-4",
      "sort": 1
    }
  },
  {
    "model": "caluma_form.formquestion",
    "pk": "nomination-step-1.contact-email",
    "fields": {
      "created_at": "2020-04-29T13:12:26.513Z",
      "modified_at": "2020-04-29T13:12:26.513Z",
      "created_by_user": null,
      "created_by_group": null,
      "form": "nomination-step-1",
      "question": "contact-email",
      "sort": 1
    }
  },
  {
    "model": "caluma_form.formquestion",
    "pk": "nomination-step-1.contact-name",
    "fields": {
      "created_at": "2020-04-29T13:12:25.179Z",
      "modified_at": "2020-04-29T13:12:25.179Z",
      "created_by_user": null,
      "created_by_group": null,
      "form": "nomination-step-1",
      "question": "contact-name",
      "sort": 2
    }
  },
  {
    "model": "caluma_form.formquestion",
    "pk": "nomination-step-1.email",
    "fields": {
      "created_at": "2020-04-29T13:12:19.221Z",
      "modified_at": "2020-04-29T13:12:19.221Z",
      "created_by_user": null,
      "created_by_group": null,
      "form": "nomination-step-1",
      "question": "email",
      "sort": 4
    }
  },
  {
    "model": "caluma_form.formquestion",
    "pk": "nomination-step-1.name",
    "fields": {
      "created_at": "2020-04-29T13:12:18.214Z",
      "modified_at": "2020-04-29T13:12:18.214Z",
      "created_by_user": null,
      "created_by_group": null,
      "form": "nomination-step-1",
      "question": "name",
      "sort": 5
    }
  },
  {
    "model": "caluma_form.formquestion",
    "pk": "nomination-step-1.nomination-title-1",
    "fields": {
      "created_at": "2020-04-29T13:12:12.996Z",
      "modified_at": "2020-04-29T13:12:12.996Z",
      "created_by_user": null,
      "created_by_group": null,
      "form": "nomination-step-1",
      "question": "nomination-title-1",
      "sort": 7
    }
  },
  {
    "model": "caluma_form.formquestion",
    "pk": "nomination-step-1.part-of-the-project",
    "fields": {
      "created_at": "2020-04-29T13:12:21.661Z",
      "modified_at": "2020-04-29T13:12:21.661Z",
      "created_by_user": null,
      "created_by_group": null,
      "form": "nomination-step-1",
      "question": "part-of-the-project",
      "sort": 3
    }
  },
  {
    "model": "caluma_form.formquestion",
    "pk": "nomination-step-1.project-name",
    "fields": {
      "created_at": "2020-04-29T13:12:16.894Z",
      "modified_at": "2020-04-29T13:12:16.894Z",
      "created_by_user": null,
      "created_by_group": null,
      "form": "nomination-step-1",
      "question": "project-name",
      "sort": 6
    }
  },
  {
    "model": "caluma_form.formquestion",
    "pk": "nomination-step-2.category",
    "fields": {
      "created_at": "2020-04-29T13:11:48.948Z",
      "modified_at": "2020-04-29T13:11:48.948Z",
      "created_by_user": null,
      "created_by_group": null,
      "form": "nomination-step-2",
      "question": "category",
      "sort": 4
    }
  },
  {
    "model": "caluma_form.formquestion",
    "pk": "nomination-step-2.location",
    "fields": {
      "created_at": "2020-04-29T13:11:46.309Z",
      "modified_at": "2020-04-29T13:11:46.309Z",
      "created_by_user": null,
      "created_by_group": null,
      "form": "nomination-step-2",
      "question": "location",
      "sort": 6
    }
  },
  {
    "model": "caluma_form.formquestion",
    "pk": "nomination-step-2.nomination-title-2",
    "fields": {
      "created_at": "2020-04-29T13:11:45.033Z",
      "modified_at": "2020-04-29T13:11:45.033Z",
      "created_by_user": null,
      "created_by_group": null,
      "form": "nomination-step-2",
      "question": "nomination-title-2",
      "sort": 7
    }
  },
  {
    "model": "caluma_form.formquestion",
    "pk": "nomination-step-2.reason",
    "fields": {
      "created_at": "2020-04-29T13:11:49.773Z",
      "modified_at": "2020-04-29T13:11:49.773Z",
      "created_by_user": null,
      "created_by_group": null,
      "form": "nomination-step-2",
      "question": "reason",
      "sort": 3
    }
  },
  {
    "model": "caluma_form.formquestion",
    "pk": "nomination-step-2.start-year",
    "fields": {
      "created_at": "2020-04-29T13:11:50.658Z",
      "modified_at": "2020-04-29T13:11:50.658Z",
      "created_by_user": null,
      "created_by_group": null,
      "form": "nomination-step-2",
      "question": "start-year",
      "sort": 2
    }
  },
  {
    "model": "caluma_form.formquestion",
    "pk": "nomination-step-2.submit-nomination-button",
    "fields": {
      "created_at": "2020-04-29T13:12:51.164Z",
      "modified_at": "2020-04-29T13:12:51.164Z",
      "created_by_user": null,
      "created_by_group": null,
      "form": "nomination-step-2",
      "question": "submit-nomination-button",
      "sort": 1
    }
  },
  {
    "model": "caluma_form.formquestion",
    "pk": "nomination-step-2.website",
    "fields": {
      "created_at": "2020-04-29T13:11:47.305Z",
      "modified_at": "2020-04-29T13:11:47.305Z",
      "created_by_user": null,
      "created_by_group": null,
      "form": "nomination-step-2",
      "question": "website",
      "sort": 5
    }
  },
  {
    "model": "caluma_form.formquestion",
    "pk": "nomination.nomination-step-1",
    "fields": {
      "created_at": "2020-04-29T13:13:54.715Z",
      "modified_at": "2020-04-29T13:13:54.715Z",
      "created_by_user": null,
      "created_by_group": null,
      "form": "nomination",
      "question": "nomination-step-1",
      "sort": 2
    }
  },
  {
    "model": "caluma_form.formquestion",
    "pk": "nomination.nomination-step-2",
    "fields": {
      "created_at": "2020-04-29T13:14:16.191Z",
      "modified_at": "2020-04-29T13:14:16.191Z",
      "created_by_user": null,
      "created_by_group": null,
      "form": "nomination",
      "question": "nomination-step-2",
      "sort": 1
    }
  }
]
