[
  {
    "model": "caluma_form.form",
    "pk": "application",
    "fields": {
      "created_at": "2020-04-20T12:53:56.137Z",
      "modified_at": "2020-04-20T12:53:56.137Z",
      "created_by_user": null,
      "created_by_group": null,
      "name": "{\"en\": \"Application\"}",
      "description": "{\"en\": \"\"}",
      "meta": {},
      "is_published": true,
      "is_archived": false,
      "source": null
    }
  },
  {
    "model": "caluma_form.form",
    "pk": "nomination",
    "fields": {
      "created_at": "2020-04-17T12:52:38.049Z",
      "modified_at": "2020-04-17T12:52:38.049Z",
      "created_by_user": null,
      "created_by_group": null,
      "name": "{\"en\": \"Nomination\"}",
      "description": "{\"en\": \"\"}",
      "meta": {},
      "is_published": true,
      "is_archived": false,
      "source": null
    }
  },
  {
    "model": "caluma_form.question",
    "pk": "additional-documents",
    "fields": {
      "created_at": "2020-04-20T13:13:17.627Z",
      "modified_at": "2020-04-20T13:13:17.627Z",
      "created_by_user": null,
      "created_by_group": null,
      "label": "{\"en\": \"Additional documents like slides, presentations or designs?\"}",
      "type": "file",
      "is_required": "false",
      "is_hidden": "false",
      "is_archived": false,
      "placeholder": "{\"en\": null}",
      "info_text": "{\"en\": null}",
      "static_content": "{\"en\": \"\"}",
      "configuration": {},
      "meta": {},
      "data_source": null,
      "row_form": null,
      "sub_form": null,
      "source": null,
      "format_validators": "[]"
    }
  },
  {
    "model": "caluma_form.question",
    "pk": "additional-project-files",
    "fields": {
      "created_at": "2020-04-20T13:03:57.009Z",
      "modified_at": "2020-04-20T13:03:57.009Z",
      "created_by_user": null,
      "created_by_group": null,
      "label": "{\"en\": \"Additional project files\"}",
      "type": "file",
      "is_required": "false",
      "is_hidden": "false",
      "is_archived": false,
      "placeholder": "{\"en\": null}",
      "info_text": "{\"en\": \"If you have screenshots, code snipplets or other data that describes your project in some visual way then that\\u2019s the place to put it and to impress our jury.\"}",
      "static_content": "{\"en\": \"\"}",
      "configuration": {},
      "meta": {},
      "data_source": null,
      "row_form": null,
      "sub_form": null,
      "source": null,
      "format_validators": "[]"
    }
  },
  {
    "model": "caluma_form.question",
    "pk": "anything-else",
    "fields": {
      "created_at": "2020-04-20T13:12:38.757Z",
      "modified_at": "2020-04-20T13:12:38.757Z",
      "created_by_user": null,
      "created_by_group": null,
      "label": "{\"en\": \"Anything else you want to tell us?\"}",
      "type": "textarea",
      "is_required": "false",
      "is_hidden": "false",
      "is_archived": false,
      "placeholder": "{\"en\": null}",
      "info_text": "{\"en\": null}",
      "static_content": "{\"en\": \"\"}",
      "configuration": { "max_length": null, "min_length": null },
      "meta": {},
      "data_source": null,
      "row_form": null,
      "sub_form": null,
      "source": null,
      "format_validators": "[]"
    }
  },
  {
    "model": "caluma_form.question",
    "pk": "application-title-1",
    "fields": {
      "created_at": "2020-04-20T13:00:09.064Z",
      "modified_at": "2020-04-20T13:00:09.064Z",
      "created_by_user": null,
      "created_by_group": null,
      "label": "{\"en\": \"\"}",
      "type": "static",
      "is_required": "false",
      "is_hidden": "false",
      "is_archived": false,
      "placeholder": "{\"en\": null}",
      "info_text": "{\"en\": null}",
      "static_content": "{\"en\": \"**These were the informations that were given to us when your Project was first nominated:**\"}",
      "configuration": {},
      "meta": {},
      "data_source": null,
      "row_form": null,
      "sub_form": null,
      "source": null,
      "format_validators": "[]"
    }
  },
  {
    "model": "caluma_form.question",
    "pk": "application-title-2",
    "fields": {
      "created_at": "2020-04-20T13:01:52.604Z",
      "modified_at": "2020-04-20T13:01:52.604Z",
      "created_by_user": null,
      "created_by_group": null,
      "label": "{\"en\": \"\"}",
      "type": "static",
      "is_required": "false",
      "is_hidden": "false",
      "is_archived": false,
      "placeholder": "{\"en\": null}",
      "info_text": "{\"en\": null}",
      "static_content": "{\"en\": \"**Please give us some context**\"}",
      "configuration": {},
      "meta": {},
      "data_source": null,
      "row_form": null,
      "sub_form": null,
      "source": null,
      "format_validators": "[]"
    }
  },
  {
    "model": "caluma_form.question",
    "pk": "application-title-3",
    "fields": {
      "created_at": "2020-04-20T13:04:32.147Z",
      "modified_at": "2020-04-20T13:04:32.147Z",
      "created_by_user": null,
      "created_by_group": null,
      "label": "{\"en\": \"\"}",
      "type": "static",
      "is_required": "false",
      "is_hidden": "false",
      "is_archived": false,
      "placeholder": "{\"en\": null}",
      "info_text": "{\"en\": null}",
      "static_content": "{\"en\": \"**Help us to get to know your Project further:**\"}",
      "configuration": {},
      "meta": {},
      "data_source": null,
      "row_form": null,
      "sub_form": null,
      "source": null,
      "format_validators": "[]"
    }
  },
  {
    "model": "caluma_form.question",
    "pk": "category",
    "fields": {
      "created_at": "2020-04-17T13:15:12.254Z",
      "modified_at": "2020-04-20T13:10:30.782Z",
      "created_by_user": null,
      "created_by_group": null,
      "label": "{\"en\": \"In which category would you like to nominate your Project?\"}",
      "type": "choice",
      "is_required": "true",
      "is_hidden": "false",
      "is_archived": false,
      "placeholder": "{\"en\": null}",
      "info_text": "{\"en\": \"\"}",
      "static_content": "{\"en\": \"\"}",
      "configuration": {},
      "meta": {},
      "data_source": null,
      "row_form": null,
      "sub_form": null,
      "source": null,
      "format_validators": "[]"
    }
  },
  {
    "model": "caluma_form.question",
    "pk": "commercial-relevance",
    "fields": {
      "created_at": "2020-04-20T13:08:27.574Z",
      "modified_at": "2020-04-20T13:11:13.076Z",
      "created_by_user": null,
      "created_by_group": null,
      "label": "{\"en\": \"How relevant is your project in regard to a commercial use?\"}",
      "type": "choice",
      "is_required": "true",
      "is_hidden": "false",
      "is_archived": false,
      "placeholder": "{\"en\": null}",
      "info_text": "{\"en\": \"\"}",
      "static_content": "{\"en\": \"\"}",
      "configuration": {},
      "meta": {},
      "data_source": null,
      "row_form": null,
      "sub_form": null,
      "source": null,
      "format_validators": "[]"
    }
  },
  {
    "model": "caluma_form.question",
    "pk": "commercial-relevance-other",
    "fields": {
      "created_at": "2020-04-20T13:09:50.238Z",
      "modified_at": "2020-04-20T13:09:50.238Z",
      "created_by_user": null,
      "created_by_group": null,
      "label": "{\"en\": \"What other?\"}",
      "type": "text",
      "is_required": "true",
      "is_hidden": "!('commercial-relevance'|answer == 'commercial-relevance-other')",
      "is_archived": false,
      "placeholder": "{\"en\": null}",
      "info_text": "{\"en\": null}",
      "static_content": "{\"en\": \"\"}",
      "configuration": { "max_length": null, "min_length": null },
      "meta": {},
      "data_source": null,
      "row_form": null,
      "sub_form": null,
      "source": null,
      "format_validators": "[]"
    }
  },
  {
    "model": "caluma_form.question",
    "pk": "commits",
    "fields": {
      "created_at": "2020-04-20T13:11:52.373Z",
      "modified_at": "2020-04-20T13:11:52.373Z",
      "created_by_user": null,
      "created_by_group": null,
      "label": "{\"en\": \"How many commits did your project receive within the last 12 months?\"}",
      "type": "integer",
      "is_required": "true",
      "is_hidden": "false",
      "is_archived": false,
      "placeholder": "{\"en\": null}",
      "info_text": "{\"en\": null}",
      "static_content": "{\"en\": \"\"}",
      "configuration": { "max_value": null, "min_value": 0 },
      "meta": {},
      "data_source": null,
      "row_form": null,
      "sub_form": null,
      "source": null,
      "format_validators": "[]"
    }
  },
  {
    "model": "caluma_form.question",
    "pk": "contact-email",
    "fields": {
      "created_at": "2020-04-20T13:19:00.655Z",
      "modified_at": "2020-04-20T13:19:00.655Z",
      "created_by_user": null,
      "created_by_group": null,
      "label": "{\"en\": \"Contact email address\"}",
      "type": "text",
      "is_required": "true",
      "is_hidden": "!('part-of-the-project'|answer == 'part-of-the-project-no')",
      "is_archived": false,
      "placeholder": "{\"en\": null}",
      "info_text": "{\"en\": null}",
      "static_content": "{\"en\": \"\"}",
      "configuration": { "max_length": null, "min_length": null },
      "meta": {},
      "data_source": null,
      "row_form": null,
      "sub_form": null,
      "source": null,
      "format_validators": "[\"email\"]"
    }
  },
  {
    "model": "caluma_form.question",
    "pk": "contact-name",
    "fields": {
      "created_at": "2020-04-20T13:18:29.864Z",
      "modified_at": "2020-04-20T13:18:29.864Z",
      "created_by_user": null,
      "created_by_group": null,
      "label": "{\"en\": \"Contact name\"}",
      "type": "text",
      "is_required": "true",
      "is_hidden": "!('part-of-the-project'|answer == 'part-of-the-project-no')",
      "is_archived": false,
      "placeholder": "{\"en\": null}",
      "info_text": "{\"en\": null}",
      "static_content": "{\"en\": \"\"}",
      "configuration": { "max_length": null, "min_length": null },
      "meta": {},
      "data_source": null,
      "row_form": null,
      "sub_form": null,
      "source": null,
      "format_validators": "[]"
    }
  },
  {
    "model": "caluma_form.question",
    "pk": "email",
    "fields": {
      "created_at": "2020-04-17T13:02:40.920Z",
      "modified_at": "2020-04-20T13:10:11.363Z",
      "created_by_user": null,
      "created_by_group": null,
      "label": "{\"en\": \"Your email address\"}",
      "type": "text",
      "is_required": "true",
      "is_hidden": "false",
      "is_archived": false,
      "placeholder": "{\"en\": \"\"}",
      "info_text": "{\"en\": \"\"}",
      "static_content": "{\"en\": \"\"}",
      "configuration": { "max_length": null, "min_length": null },
      "meta": {},
      "data_source": null,
      "row_form": null,
      "sub_form": null,
      "source": null,
      "format_validators": "[\"email\"]"
    }
  },
  {
    "model": "caluma_form.question",
    "pk": "founded-in",
    "fields": {
      "created_at": "2020-04-20T13:02:52.113Z",
      "modified_at": "2020-04-20T13:10:48.839Z",
      "created_by_user": null,
      "created_by_group": null,
      "label": "{\"en\": \"Founded in\"}",
      "type": "integer",
      "is_required": "true",
      "is_hidden": "false",
      "is_archived": false,
      "placeholder": "{\"en\": \"\"}",
      "info_text": "{\"en\": \"\"}",
      "static_content": "{\"en\": \"\"}",
      "configuration": { "max_value": 2020, "min_value": 1900 },
      "meta": {},
      "data_source": null,
      "row_form": null,
      "sub_form": null,
      "source": null,
      "format_validators": "[]"
    }
  },
  {
    "model": "caluma_form.question",
    "pk": "location",
    "fields": {
      "created_at": "2020-04-17T13:12:56.026Z",
      "modified_at": "2020-04-20T13:10:21.549Z",
      "created_by_user": null,
      "created_by_group": null,
      "label": "{\"en\": \"Location\"}",
      "type": "text",
      "is_required": "true",
      "is_hidden": "false",
      "is_archived": false,
      "placeholder": "{\"en\": \"\"}",
      "info_text": "{\"en\": \"\"}",
      "static_content": "{\"en\": \"\"}",
      "configuration": { "max_length": null, "min_length": null },
      "meta": {},
      "data_source": null,
      "row_form": null,
      "sub_form": null,
      "source": null,
      "format_validators": "[]"
    }
  },
  {
    "model": "caluma_form.question",
    "pk": "logo",
    "fields": {
      "created_at": "2020-04-20T13:03:20.664Z",
      "modified_at": "2020-04-20T13:03:20.664Z",
      "created_by_user": null,
      "created_by_group": null,
      "label": "{\"en\": \"Project logo\"}",
      "type": "file",
      "is_required": "false",
      "is_hidden": "false",
      "is_archived": false,
      "placeholder": "{\"en\": null}",
      "info_text": "{\"en\": null}",
      "static_content": "{\"en\": \"\"}",
      "configuration": {},
      "meta": {},
      "data_source": null,
      "row_form": null,
      "sub_form": null,
      "source": null,
      "format_validators": "[]"
    }
  },
  {
    "model": "caluma_form.question",
    "pk": "name",
    "fields": {
      "created_at": "2020-04-17T13:02:06.341Z",
      "modified_at": "2020-04-20T13:10:06.385Z",
      "created_by_user": null,
      "created_by_group": null,
      "label": "{\"en\": \"Your name\"}",
      "type": "text",
      "is_required": "true",
      "is_hidden": "false",
      "is_archived": false,
      "placeholder": "{\"en\": \"\"}",
      "info_text": "{\"en\": \"\"}",
      "static_content": "{\"en\": \"\"}",
      "configuration": { "max_length": null, "min_length": null },
      "meta": {},
      "data_source": null,
      "row_form": null,
      "sub_form": null,
      "source": null,
      "format_validators": "[]"
    }
  },
  {
    "model": "caluma_form.question",
    "pk": "nomination-title-1",
    "fields": {
      "created_at": "2020-04-17T13:12:12.589Z",
      "modified_at": "2020-04-21T11:48:41.324Z",
      "created_by_user": null,
      "created_by_group": null,
      "label": "{\"en\": \"\"}",
      "type": "static",
      "is_required": "false",
      "is_hidden": "false",
      "is_archived": false,
      "placeholder": "{\"en\": null}",
      "info_text": "{\"en\": \"\"}",
      "static_content": "{\"en\": \"# Nominate a Project for the DINAcon Awards 2020\"}",
      "configuration": {},
      "meta": {},
      "data_source": null,
      "row_form": null,
      "sub_form": null,
      "source": null,
      "format_validators": "[]"
    }
  },
  {
    "model": "caluma_form.question",
    "pk": "nomination-title-2",
    "fields": {
      "created_at": "2020-04-17T13:12:35.327Z",
      "modified_at": "2020-04-21T11:50:46.129Z",
      "created_by_user": null,
      "created_by_group": null,
      "label": "{\"en\": \"\"}",
      "type": "static",
      "is_required": "false",
      "is_hidden": "false",
      "is_archived": false,
      "placeholder": "{\"en\": null}",
      "info_text": "{\"en\": \"\"}",
      "static_content": "{\"en\": \"## \\n\\n### Please help us with some additional information\"}",
      "configuration": {},
      "meta": {},
      "data_source": null,
      "row_form": null,
      "sub_form": null,
      "source": null,
      "format_validators": "[]"
    }
  },
  {
    "model": "caluma_form.question",
    "pk": "official-project-name",
    "fields": {
      "created_at": "2020-04-20T13:02:23.943Z",
      "modified_at": "2020-04-20T13:10:45.270Z",
      "created_by_user": null,
      "created_by_group": null,
      "label": "{\"en\": \"Official project name\"}",
      "type": "text",
      "is_required": "true",
      "is_hidden": "false",
      "is_archived": false,
      "placeholder": "{\"en\": \"\"}",
      "info_text": "{\"en\": \"\"}",
      "static_content": "{\"en\": \"\"}",
      "configuration": { "max_length": null, "min_length": null },
      "meta": {},
      "data_source": null,
      "row_form": null,
      "sub_form": null,
      "source": null,
      "format_validators": "[]"
    }
  },
  {
    "model": "caluma_form.question",
    "pk": "part-of-the-project",
    "fields": {
      "created_at": "2020-04-17T13:08:09.228Z",
      "modified_at": "2020-04-20T13:10:16.460Z",
      "created_by_user": null,
      "created_by_group": null,
      "label": "{\"en\": \"Are you part of the project?\"}",
      "type": "choice",
      "is_required": "true",
      "is_hidden": "false",
      "is_archived": false,
      "placeholder": "{\"en\": null}",
      "info_text": "{\"en\": \"\"}",
      "static_content": "{\"en\": \"\"}",
      "configuration": {},
      "meta": { "hideLabel": true },
      "data_source": null,
      "row_form": null,
      "sub_form": null,
      "source": null,
      "format_validators": "[]"
    }
  },
  {
    "model": "caluma_form.question",
    "pk": "project-maturity",
    "fields": {
      "created_at": "2020-04-20T13:06:02.318Z",
      "modified_at": "2020-04-20T13:11:02.473Z",
      "created_by_user": null,
      "created_by_group": null,
      "label": "{\"en\": \"How mature is your project? Still in the early stages or already a rock-solid solution?\"}",
      "type": "choice",
      "is_required": "true",
      "is_hidden": "false",
      "is_archived": false,
      "placeholder": "{\"en\": null}",
      "info_text": "{\"en\": \"\"}",
      "static_content": "{\"en\": \"\"}",
      "configuration": {},
      "meta": {},
      "data_source": null,
      "row_form": null,
      "sub_form": null,
      "source": null,
      "format_validators": "[]"
    }
  },
  {
    "model": "caluma_form.question",
    "pk": "project-name",
    "fields": {
      "created_at": "2020-04-17T13:01:48.513Z",
      "modified_at": "2020-04-20T13:10:01.177Z",
      "created_by_user": null,
      "created_by_group": null,
      "label": "{\"en\": \"Company / project name\"}",
      "type": "text",
      "is_required": "true",
      "is_hidden": "false",
      "is_archived": false,
      "placeholder": "{\"en\": \"\"}",
      "info_text": "{\"en\": \"\"}",
      "static_content": "{\"en\": \"\"}",
      "configuration": { "max_length": null, "min_length": null },
      "meta": {},
      "data_source": null,
      "row_form": null,
      "sub_form": null,
      "source": null,
      "format_validators": "[]"
    }
  },
  {
    "model": "caluma_form.question",
    "pk": "reason",
    "fields": {
      "created_at": "2020-04-17T13:16:05.526Z",
      "modified_at": "2020-04-20T13:10:35.095Z",
      "created_by_user": null,
      "created_by_group": null,
      "label": "{\"en\": \"Why should this project win a DINAcon Award?\"}",
      "type": "textarea",
      "is_required": "true",
      "is_hidden": "false",
      "is_archived": false,
      "placeholder": "{\"en\": \"\"}",
      "info_text": "{\"en\": \"\"}",
      "static_content": "{\"en\": \"\"}",
      "configuration": { "max_length": 1000, "min_length": null },
      "meta": {},
      "data_source": null,
      "row_form": null,
      "sub_form": null,
      "source": null,
      "format_validators": "[]"
    }
  },
  {
    "model": "caluma_form.question",
    "pk": "short-description",
    "fields": {
      "created_at": "2020-04-20T13:07:15.628Z",
      "modified_at": "2020-04-20T13:11:07.850Z",
      "created_by_user": null,
      "created_by_group": null,
      "label": "{\"en\": \"Short Description of Community/Company/Institution/Administration\"}",
      "type": "textarea",
      "is_required": "true",
      "is_hidden": "false",
      "is_archived": false,
      "placeholder": "{\"en\": \"Please give us some background of the organization behind the project\"}",
      "info_text": "{\"en\": \"\"}",
      "static_content": "{\"en\": \"\"}",
      "configuration": { "max_length": null, "min_length": null },
      "meta": {},
      "data_source": null,
      "row_form": null,
      "sub_form": null,
      "source": null,
      "format_validators": "[]"
    }
  },
  {
    "model": "caluma_form.question",
    "pk": "social-impact",
    "fields": {
      "created_at": "2020-04-20T13:12:16.913Z",
      "modified_at": "2020-04-20T13:12:16.913Z",
      "created_by_user": null,
      "created_by_group": null,
      "label": "{\"en\": \"What social impact does your project have?\"}",
      "type": "textarea",
      "is_required": "false",
      "is_hidden": "false",
      "is_archived": false,
      "placeholder": "{\"en\": null}",
      "info_text": "{\"en\": null}",
      "static_content": "{\"en\": \"\"}",
      "configuration": { "max_length": 1500, "min_length": null },
      "meta": {},
      "data_source": null,
      "row_form": null,
      "sub_form": null,
      "source": null,
      "format_validators": "[]"
    }
  },
  {
    "model": "caluma_form.question",
    "pk": "start-year",
    "fields": {
      "created_at": "2020-04-17T13:17:12.628Z",
      "modified_at": "2020-04-20T13:10:40.916Z",
      "created_by_user": null,
      "created_by_group": null,
      "label": "{\"en\": \"When did this project start?\"}",
      "type": "integer",
      "is_required": "true",
      "is_hidden": "false",
      "is_archived": false,
      "placeholder": "{\"en\": \"\"}",
      "info_text": "{\"en\": \"\"}",
      "static_content": "{\"en\": \"\"}",
      "configuration": { "max_value": 2020, "min_value": 1900 },
      "meta": {},
      "data_source": null,
      "row_form": null,
      "sub_form": null,
      "source": null,
      "format_validators": "[]"
    }
  },
  {
    "model": "caluma_form.question",
    "pk": "submit-nomination-button",
    "fields": {
      "created_at": "2020-04-20T14:01:18.640Z",
      "modified_at": "2020-04-20T14:01:18.640Z",
      "created_by_user": null,
      "created_by_group": null,
      "label": "{\"en\": \"Submit nomination\"}",
      "type": "static",
      "is_required": "false",
      "is_hidden": "false",
      "is_archived": false,
      "placeholder": "{\"en\": null}",
      "info_text": "{\"en\": null}",
      "static_content": "{\"en\": \"\"}",
      "configuration": {},
      "meta": {
        "widgetOverride": "complete-workitem-button",
        "routeAfterSuccess": "/fill-form/complete"
      },
      "data_source": null,
      "row_form": null,
      "sub_form": null,
      "source": null,
      "format_validators": "[]"
    }
  },
  {
    "model": "caluma_form.question",
    "pk": "website",
    "fields": {
      "created_at": "2020-04-17T13:13:12.930Z",
      "modified_at": "2020-04-20T13:10:25.629Z",
      "created_by_user": null,
      "created_by_group": null,
      "label": "{\"en\": \"Website\"}",
      "type": "text",
      "is_required": "true",
      "is_hidden": "false",
      "is_archived": false,
      "placeholder": "{\"en\": \"\"}",
      "info_text": "{\"en\": \"\"}",
      "static_content": "{\"en\": \"\"}",
      "configuration": { "max_length": null, "min_length": null },
      "meta": {},
      "data_source": null,
      "row_form": null,
      "sub_form": null,
      "source": null,
      "format_validators": "[]"
    }
  },
  {
    "model": "caluma_form.option",
    "pk": "category-best-newcomer",
    "fields": {
      "created_at": "2020-04-17T13:15:12.167Z",
      "modified_at": "2020-04-20T13:10:30.689Z",
      "created_by_user": null,
      "created_by_group": null,
      "label": "{\"en\": \"Best Newcomer\"}",
      "is_archived": false,
      "meta": {},
      "source": null
    }
  },
  {
    "model": "caluma_form.option",
    "pk": "category-best-open-source-project",
    "fields": {
      "created_at": "2020-04-17T13:15:12.167Z",
      "modified_at": "2020-04-20T13:10:30.690Z",
      "created_by_user": null,
      "created_by_group": null,
      "label": "{\"en\": \"Best Open Source Project\"}",
      "is_archived": false,
      "meta": {},
      "source": null
    }
  },
  {
    "model": "caluma_form.option",
    "pk": "category-best-practice",
    "fields": {
      "created_at": "2020-04-17T13:15:12.165Z",
      "modified_at": "2020-04-20T13:10:30.688Z",
      "created_by_user": null,
      "created_by_group": null,
      "label": "{\"en\": \"Best Practice\"}",
      "is_archived": false,
      "meta": {},
      "source": null
    }
  },
  {
    "model": "caluma_form.option",
    "pk": "category-open-data",
    "fields": {
      "created_at": "2020-04-17T13:15:12.166Z",
      "modified_at": "2020-04-20T13:10:30.690Z",
      "created_by_user": null,
      "created_by_group": null,
      "label": "{\"en\": \"Open Data\"}",
      "is_archived": false,
      "meta": {},
      "source": null
    }
  },
  {
    "model": "caluma_form.option",
    "pk": "category-open-education-award",
    "fields": {
      "created_at": "2020-04-17T13:15:12.167Z",
      "modified_at": "2020-04-20T13:10:30.693Z",
      "created_by_user": null,
      "created_by_group": null,
      "label": "{\"en\": \"Open Education Award\"}",
      "is_archived": false,
      "meta": {},
      "source": null
    }
  },
  {
    "model": "caluma_form.option",
    "pk": "commercial-relevance-conmmercial",
    "fields": {
      "created_at": "2020-04-20T13:08:27.525Z",
      "modified_at": "2020-04-20T13:11:12.900Z",
      "created_by_user": null,
      "created_by_group": null,
      "label": "{\"en\": \"It is commercially driven and we pay salaries\"}",
      "is_archived": false,
      "meta": {},
      "source": null
    }
  },
  {
    "model": "caluma_form.option",
    "pk": "commercial-relevance-non-profit",
    "fields": {
      "created_at": "2020-04-20T13:08:27.215Z",
      "modified_at": "2020-04-20T13:11:12.899Z",
      "created_by_user": null,
      "created_by_group": null,
      "label": "{\"en\": \"This is a pure non-profit project\"}",
      "is_archived": false,
      "meta": {},
      "source": null
    }
  },
  {
    "model": "caluma_form.option",
    "pk": "commercial-relevance-other",
    "fields": {
      "created_at": "2020-04-20T13:08:27.215Z",
      "modified_at": "2020-04-20T13:11:12.902Z",
      "created_by_user": null,
      "created_by_group": null,
      "label": "{\"en\": \"Other\"}",
      "is_archived": false,
      "meta": {},
      "source": null
    }
  },
  {
    "model": "caluma_form.option",
    "pk": "commercial-relevance-regular-revenue",
    "fields": {
      "created_at": "2020-04-20T13:08:27.215Z",
      "modified_at": "2020-04-20T13:11:12.900Z",
      "created_by_user": null,
      "created_by_group": null,
      "label": "{\"en\": \"We get regular revenue but it doesn't pay the bills\"}",
      "is_archived": false,
      "meta": {},
      "source": null
    }
  },
  {
    "model": "caluma_form.option",
    "pk": "commercial-relevance-sponsoring",
    "fields": {
      "created_at": "2020-04-20T13:08:27.214Z",
      "modified_at": "2020-04-20T13:11:12.899Z",
      "created_by_user": null,
      "created_by_group": null,
      "label": "{\"en\": \"We accept sponsoring and distribute it within the project\"}",
      "is_archived": false,
      "meta": {},
      "source": null
    }
  },
  {
    "model": "caluma_form.option",
    "pk": "part-of-the-project-no",
    "fields": {
      "created_at": "2020-04-17T13:08:09.088Z",
      "modified_at": "2020-04-20T13:10:16.316Z",
      "created_by_user": null,
      "created_by_group": null,
      "label": "{\"en\": \"I am not part of the project, but I would like to nominate them\"}",
      "is_archived": false,
      "meta": {},
      "source": null
    }
  },
  {
    "model": "caluma_form.option",
    "pk": "part-of-the-project-yes",
    "fields": {
      "created_at": "2020-04-17T13:08:09.088Z",
      "modified_at": "2020-04-20T13:10:16.316Z",
      "created_by_user": null,
      "created_by_group": null,
      "label": "{\"en\": \"I am part of the project\"}",
      "is_archived": false,
      "meta": {},
      "source": null
    }
  },
  {
    "model": "caluma_form.option",
    "pk": "project-maturity-beginning",
    "fields": {
      "created_at": "2020-04-20T13:06:02.216Z",
      "modified_at": "2020-04-20T13:11:02.376Z",
      "created_by_user": null,
      "created_by_group": null,
      "label": "{\"en\": \"The project is live and we have some users\"}",
      "is_archived": false,
      "meta": {},
      "source": null
    }
  },
  {
    "model": "caluma_form.option",
    "pk": "project-maturity-draft",
    "fields": {
      "created_at": "2020-04-20T13:06:02.122Z",
      "modified_at": "2020-04-20T13:11:02.375Z",
      "created_by_user": null,
      "created_by_group": null,
      "label": "{\"en\": \"I am still thinking about how to start with the project\"}",
      "is_archived": false,
      "meta": {},
      "source": null
    }
  },
  {
    "model": "caluma_form.option",
    "pk": "project-maturity-established",
    "fields": {
      "created_at": "2020-04-20T13:06:02.125Z",
      "modified_at": "2020-04-20T13:11:02.376Z",
      "created_by_user": null,
      "created_by_group": null,
      "label": "{\"en\": \"We are well established and many people are using it\"}",
      "is_archived": false,
      "meta": {},
      "source": null
    }
  },
  {
    "model": "caluma_form.option",
    "pk": "project-maturity-mature",
    "fields": {
      "created_at": "2020-04-20T13:06:02.213Z",
      "modified_at": "2020-04-20T13:11:02.377Z",
      "created_by_user": null,
      "created_by_group": null,
      "label": "{\"en\": \"There is a vivid community of users and contributors\"}",
      "is_archived": false,
      "meta": {},
      "source": null
    }
  },
  {
    "model": "caluma_form.option",
    "pk": "project-maturity-poc",
    "fields": {
      "created_at": "2020-04-20T13:06:02.125Z",
      "modified_at": "2020-04-20T13:11:02.372Z",
      "created_by_user": null,
      "created_by_group": null,
      "label": "{\"en\": \"We have a basic proof of concept working\"}",
      "is_archived": false,
      "meta": {},
      "source": null
    }
  },
  {
    "model": "caluma_form.questionoption",
    "pk": "category.category-best-newcomer",
    "fields": {
      "created_at": "2020-04-20T13:10:30.804Z",
      "modified_at": "2020-04-20T13:10:30.804Z",
      "created_by_user": null,
      "created_by_group": null,
      "question": "category",
      "option": "category-best-newcomer",
      "sort": 4
    }
  },
  {
    "model": "caluma_form.questionoption",
    "pk": "category.category-best-open-source-project",
    "fields": {
      "created_at": "2020-04-20T13:10:30.809Z",
      "modified_at": "2020-04-20T13:10:30.809Z",
      "created_by_user": null,
      "created_by_group": null,
      "question": "category",
      "option": "category-best-open-source-project",
      "sort": 5
    }
  },
  {
    "model": "caluma_form.questionoption",
    "pk": "category.category-best-practice",
    "fields": {
      "created_at": "2020-04-20T13:10:30.800Z",
      "modified_at": "2020-04-20T13:10:30.800Z",
      "created_by_user": null,
      "created_by_group": null,
      "question": "category",
      "option": "category-best-practice",
      "sort": 3
    }
  },
  {
    "model": "caluma_form.questionoption",
    "pk": "category.category-open-data",
    "fields": {
      "created_at": "2020-04-20T13:10:30.795Z",
      "modified_at": "2020-04-20T13:10:30.795Z",
      "created_by_user": null,
      "created_by_group": null,
      "question": "category",
      "option": "category-open-data",
      "sort": 2
    }
  },
  {
    "model": "caluma_form.questionoption",
    "pk": "category.category-open-education-award",
    "fields": {
      "created_at": "2020-04-20T13:10:30.790Z",
      "modified_at": "2020-04-20T13:10:30.790Z",
      "created_by_user": null,
      "created_by_group": null,
      "question": "category",
      "option": "category-open-education-award",
      "sort": 1
    }
  },
  {
    "model": "caluma_form.questionoption",
    "pk": "commercial-relevance.commercial-relevance-conmmercial",
    "fields": {
      "created_at": "2020-04-20T13:11:13.090Z",
      "modified_at": "2020-04-20T13:11:13.090Z",
      "created_by_user": null,
      "created_by_group": null,
      "question": "commercial-relevance",
      "option": "commercial-relevance-conmmercial",
      "sort": 2
    }
  },
  {
    "model": "caluma_form.questionoption",
    "pk": "commercial-relevance.commercial-relevance-non-profit",
    "fields": {
      "created_at": "2020-04-20T13:11:13.101Z",
      "modified_at": "2020-04-20T13:11:13.101Z",
      "created_by_user": null,
      "created_by_group": null,
      "question": "commercial-relevance",
      "option": "commercial-relevance-non-profit",
      "sort": 5
    }
  },
  {
    "model": "caluma_form.questionoption",
    "pk": "commercial-relevance.commercial-relevance-other",
    "fields": {
      "created_at": "2020-04-20T13:11:13.085Z",
      "modified_at": "2020-04-20T13:11:13.085Z",
      "created_by_user": null,
      "created_by_group": null,
      "question": "commercial-relevance",
      "option": "commercial-relevance-other",
      "sort": 1
    }
  },
  {
    "model": "caluma_form.questionoption",
    "pk": "commercial-relevance.commercial-relevance-regular-revenue",
    "fields": {
      "created_at": "2020-04-20T13:11:13.094Z",
      "modified_at": "2020-04-20T13:11:13.094Z",
      "created_by_user": null,
      "created_by_group": null,
      "question": "commercial-relevance",
      "option": "commercial-relevance-regular-revenue",
      "sort": 3
    }
  },
  {
    "model": "caluma_form.questionoption",
    "pk": "commercial-relevance.commercial-relevance-sponsoring",
    "fields": {
      "created_at": "2020-04-20T13:11:13.098Z",
      "modified_at": "2020-04-20T13:11:13.098Z",
      "created_by_user": null,
      "created_by_group": null,
      "question": "commercial-relevance",
      "option": "commercial-relevance-sponsoring",
      "sort": 4
    }
  },
  {
    "model": "caluma_form.questionoption",
    "pk": "part-of-the-project.part-of-the-project-no",
    "fields": {
      "created_at": "2020-04-20T13:10:16.467Z",
      "modified_at": "2020-04-20T13:10:16.467Z",
      "created_by_user": null,
      "created_by_group": null,
      "question": "part-of-the-project",
      "option": "part-of-the-project-no",
      "sort": 1
    }
  },
  {
    "model": "caluma_form.questionoption",
    "pk": "part-of-the-project.part-of-the-project-yes",
    "fields": {
      "created_at": "2020-04-20T13:10:16.473Z",
      "modified_at": "2020-04-20T13:10:16.473Z",
      "created_by_user": null,
      "created_by_group": null,
      "question": "part-of-the-project",
      "option": "part-of-the-project-yes",
      "sort": 2
    }
  },
  {
    "model": "caluma_form.questionoption",
    "pk": "project-maturity.project-maturity-beginning",
    "fields": {
      "created_at": "2020-04-20T13:11:02.489Z",
      "modified_at": "2020-04-20T13:11:02.490Z",
      "created_by_user": null,
      "created_by_group": null,
      "question": "project-maturity",
      "option": "project-maturity-beginning",
      "sort": 3
    }
  },
  {
    "model": "caluma_form.questionoption",
    "pk": "project-maturity.project-maturity-draft",
    "fields": {
      "created_at": "2020-04-20T13:11:02.499Z",
      "modified_at": "2020-04-20T13:11:02.499Z",
      "created_by_user": null,
      "created_by_group": null,
      "question": "project-maturity",
      "option": "project-maturity-draft",
      "sort": 5
    }
  },
  {
    "model": "caluma_form.questionoption",
    "pk": "project-maturity.project-maturity-established",
    "fields": {
      "created_at": "2020-04-20T13:11:02.485Z",
      "modified_at": "2020-04-20T13:11:02.485Z",
      "created_by_user": null,
      "created_by_group": null,
      "question": "project-maturity",
      "option": "project-maturity-established",
      "sort": 2
    }
  },
  {
    "model": "caluma_form.questionoption",
    "pk": "project-maturity.project-maturity-mature",
    "fields": {
      "created_at": "2020-04-20T13:11:02.481Z",
      "modified_at": "2020-04-20T13:11:02.481Z",
      "created_by_user": null,
      "created_by_group": null,
      "question": "project-maturity",
      "option": "project-maturity-mature",
      "sort": 1
    }
  },
  {
    "model": "caluma_form.questionoption",
    "pk": "project-maturity.project-maturity-poc",
    "fields": {
      "created_at": "2020-04-20T13:11:02.495Z",
      "modified_at": "2020-04-20T13:11:02.495Z",
      "created_by_user": null,
      "created_by_group": null,
      "question": "project-maturity",
      "option": "project-maturity-poc",
      "sort": 4
    }
  },
  {
    "model": "caluma_form.formquestion",
    "pk": "application.additional-documents",
    "fields": {
      "created_at": "2020-04-20T13:13:17.749Z",
      "modified_at": "2020-04-20T13:13:17.749Z",
      "created_by_user": null,
      "created_by_group": null,
      "form": "application",
      "question": "additional-documents",
      "sort": 1
    }
  },
  {
    "model": "caluma_form.formquestion",
    "pk": "application.additional-project-files",
    "fields": {
      "created_at": "2020-04-20T13:03:57.132Z",
      "modified_at": "2020-04-20T13:03:57.132Z",
      "created_by_user": null,
      "created_by_group": null,
      "form": "application",
      "question": "additional-project-files",
      "sort": 10
    }
  },
  {
    "model": "caluma_form.formquestion",
    "pk": "application.anything-else",
    "fields": {
      "created_at": "2020-04-20T13:12:38.821Z",
      "modified_at": "2020-04-20T13:12:38.821Z",
      "created_by_user": null,
      "created_by_group": null,
      "form": "application",
      "question": "anything-else",
      "sort": 2
    }
  },
  {
    "model": "caluma_form.formquestion",
    "pk": "application.application-title-1",
    "fields": {
      "created_at": "2020-04-20T13:00:09.209Z",
      "modified_at": "2020-04-20T13:00:09.209Z",
      "created_by_user": null,
      "created_by_group": null,
      "form": "application",
      "question": "application-title-1",
      "sort": 26
    }
  },
  {
    "model": "caluma_form.formquestion",
    "pk": "application.application-title-2",
    "fields": {
      "created_at": "2020-04-20T13:01:52.652Z",
      "modified_at": "2020-04-20T13:01:52.652Z",
      "created_by_user": null,
      "created_by_group": null,
      "form": "application",
      "question": "application-title-2",
      "sort": 14
    }
  },
  {
    "model": "caluma_form.formquestion",
    "pk": "application.application-title-3",
    "fields": {
      "created_at": "2020-04-20T13:04:32.237Z",
      "modified_at": "2020-04-20T13:04:32.237Z",
      "created_by_user": null,
      "created_by_group": null,
      "form": "application",
      "question": "application-title-3",
      "sort": 9
    }
  },
  {
    "model": "caluma_form.formquestion",
    "pk": "application.category",
    "fields": {
      "created_at": "2020-04-20T13:00:36.630Z",
      "modified_at": "2020-04-20T13:00:36.630Z",
      "created_by_user": null,
      "created_by_group": null,
      "form": "application",
      "question": "category",
      "sort": 17
    }
  },
  {
    "model": "caluma_form.formquestion",
    "pk": "application.commercial-relevance",
    "fields": {
      "created_at": "2020-04-20T13:08:27.669Z",
      "modified_at": "2020-04-20T13:08:27.669Z",
      "created_by_user": null,
      "created_by_group": null,
      "form": "application",
      "question": "commercial-relevance",
      "sort": 6
    }
  },
  {
    "model": "caluma_form.formquestion",
    "pk": "application.commercial-relevance-other",
    "fields": {
      "created_at": "2020-04-20T13:09:50.295Z",
      "modified_at": "2020-04-20T13:09:50.295Z",
      "created_by_user": null,
      "created_by_group": null,
      "form": "application",
      "question": "commercial-relevance-other",
      "sort": 5
    }
  },
  {
    "model": "caluma_form.formquestion",
    "pk": "application.commits",
    "fields": {
      "created_at": "2020-04-20T13:11:52.491Z",
      "modified_at": "2020-04-20T13:11:52.491Z",
      "created_by_user": null,
      "created_by_group": null,
      "form": "application",
      "question": "commits",
      "sort": 4
    }
  },
  {
    "model": "caluma_form.formquestion",
    "pk": "application.email",
    "fields": {
      "created_at": "2020-04-20T13:00:18.532Z",
      "modified_at": "2020-04-20T13:00:18.532Z",
      "created_by_user": null,
      "created_by_group": null,
      "form": "application",
      "question": "email",
      "sort": 22
    }
  },
  {
    "model": "caluma_form.formquestion",
    "pk": "application.founded-in",
    "fields": {
      "created_at": "2020-04-20T13:02:52.159Z",
      "modified_at": "2020-04-20T13:02:52.159Z",
      "created_by_user": null,
      "created_by_group": null,
      "form": "application",
      "question": "founded-in",
      "sort": 12
    }
  },
  {
    "model": "caluma_form.formquestion",
    "pk": "application.location",
    "fields": {
      "created_at": "2020-04-20T13:00:34.545Z",
      "modified_at": "2020-04-20T13:00:34.545Z",
      "created_by_user": null,
      "created_by_group": null,
      "form": "application",
      "question": "location",
      "sort": 19
    }
  },
  {
    "model": "caluma_form.formquestion",
    "pk": "application.logo",
    "fields": {
      "created_at": "2020-04-20T13:03:20.713Z",
      "modified_at": "2020-04-20T13:03:20.713Z",
      "created_by_user": null,
      "created_by_group": null,
      "form": "application",
      "question": "logo",
      "sort": 11
    }
  },
  {
    "model": "caluma_form.formquestion",
    "pk": "application.name",
    "fields": {
      "created_at": "2020-04-20T13:00:17.522Z",
      "modified_at": "2020-04-20T13:00:17.522Z",
      "created_by_user": null,
      "created_by_group": null,
      "form": "application",
      "question": "name",
      "sort": 23
    }
  },
  {
    "model": "caluma_form.formquestion",
    "pk": "application.nomination-title-1",
    "fields": {
      "created_at": "2020-04-20T13:00:27.554Z",
      "modified_at": "2020-04-20T13:00:27.554Z",
      "created_by_user": null,
      "created_by_group": null,
      "form": "application",
      "question": "nomination-title-1",
      "sort": 25
    }
  },
  {
    "model": "caluma_form.formquestion",
    "pk": "application.nomination-title-2",
    "fields": {
      "created_at": "2020-04-20T13:00:28.700Z",
      "modified_at": "2020-04-20T13:00:28.700Z",
      "created_by_user": null,
      "created_by_group": null,
      "form": "application",
      "question": "nomination-title-2",
      "sort": 20
    }
  },
  {
    "model": "caluma_form.formquestion",
    "pk": "application.official-project-name",
    "fields": {
      "created_at": "2020-04-20T13:02:24.018Z",
      "modified_at": "2020-04-20T13:02:24.018Z",
      "created_by_user": null,
      "created_by_group": null,
      "form": "application",
      "question": "official-project-name",
      "sort": 13
    }
  },
  {
    "model": "caluma_form.formquestion",
    "pk": "application.part-of-the-project",
    "fields": {
      "created_at": "2020-04-20T13:00:44.678Z",
      "modified_at": "2020-04-20T13:00:44.678Z",
      "created_by_user": null,
      "created_by_group": null,
      "form": "application",
      "question": "part-of-the-project",
      "sort": 21
    }
  },
  {
    "model": "caluma_form.formquestion",
    "pk": "application.project-maturity",
    "fields": {
      "created_at": "2020-04-20T13:06:02.394Z",
      "modified_at": "2020-04-20T13:06:02.394Z",
      "created_by_user": null,
      "created_by_group": null,
      "form": "application",
      "question": "project-maturity",
      "sort": 8
    }
  },
  {
    "model": "caluma_form.formquestion",
    "pk": "application.project-name",
    "fields": {
      "created_at": "2020-04-20T13:00:13.150Z",
      "modified_at": "2020-04-20T13:00:13.150Z",
      "created_by_user": null,
      "created_by_group": null,
      "form": "application",
      "question": "project-name",
      "sort": 24
    }
  },
  {
    "model": "caluma_form.formquestion",
    "pk": "application.reason",
    "fields": {
      "created_at": "2020-04-20T13:00:39.308Z",
      "modified_at": "2020-04-20T13:00:39.308Z",
      "created_by_user": null,
      "created_by_group": null,
      "form": "application",
      "question": "reason",
      "sort": 16
    }
  },
  {
    "model": "caluma_form.formquestion",
    "pk": "application.short-description",
    "fields": {
      "created_at": "2020-04-20T13:07:15.757Z",
      "modified_at": "2020-04-20T13:07:15.757Z",
      "created_by_user": null,
      "created_by_group": null,
      "form": "application",
      "question": "short-description",
      "sort": 7
    }
  },
  {
    "model": "caluma_form.formquestion",
    "pk": "application.social-impact",
    "fields": {
      "created_at": "2020-04-20T13:12:17.037Z",
      "modified_at": "2020-04-20T13:12:17.037Z",
      "created_by_user": null,
      "created_by_group": null,
      "form": "application",
      "question": "social-impact",
      "sort": 3
    }
  },
  {
    "model": "caluma_form.formquestion",
    "pk": "application.start-year",
    "fields": {
      "created_at": "2020-04-20T13:00:40.946Z",
      "modified_at": "2020-04-20T13:00:40.946Z",
      "created_by_user": null,
      "created_by_group": null,
      "form": "application",
      "question": "start-year",
      "sort": 15
    }
  },
  {
    "model": "caluma_form.formquestion",
    "pk": "application.website",
    "fields": {
      "created_at": "2020-04-20T13:00:35.764Z",
      "modified_at": "2020-04-20T13:00:35.764Z",
      "created_by_user": null,
      "created_by_group": null,
      "form": "application",
      "question": "website",
      "sort": 18
    }
  },
  {
    "model": "caluma_form.formquestion",
    "pk": "nomination.category",
    "fields": {
      "created_at": "2020-04-17T13:15:12.329Z",
      "modified_at": "2020-04-17T13:15:12.329Z",
      "created_by_user": null,
      "created_by_group": null,
      "form": "nomination",
      "question": "category",
      "sort": 4
    }
  },
  {
    "model": "caluma_form.formquestion",
    "pk": "nomination.contact-email",
    "fields": {
      "created_at": "2020-04-20T13:19:00.705Z",
      "modified_at": "2020-04-20T13:19:00.705Z",
      "created_by_user": null,
      "created_by_group": null,
      "form": "nomination",
      "question": "contact-email",
      "sort": 8
    }
  },
  {
    "model": "caluma_form.formquestion",
    "pk": "nomination.contact-name",
    "fields": {
      "created_at": "2020-04-20T13:18:29.980Z",
      "modified_at": "2020-04-20T13:18:29.980Z",
      "created_by_user": null,
      "created_by_group": null,
      "form": "nomination",
      "question": "contact-name",
      "sort": 9
    }
  },
  {
    "model": "caluma_form.formquestion",
    "pk": "nomination.email",
    "fields": {
      "created_at": "2020-04-17T13:02:41.061Z",
      "modified_at": "2020-04-17T13:02:41.061Z",
      "created_by_user": null,
      "created_by_group": null,
      "form": "nomination",
      "question": "email",
      "sort": 11
    }
  },
  {
    "model": "caluma_form.formquestion",
    "pk": "nomination.location",
    "fields": {
      "created_at": "2020-04-17T13:12:56.082Z",
      "modified_at": "2020-04-17T13:12:56.082Z",
      "created_by_user": null,
      "created_by_group": null,
      "form": "nomination",
      "question": "location",
      "sort": 6
    }
  },
  {
    "model": "caluma_form.formquestion",
    "pk": "nomination.name",
    "fields": {
      "created_at": "2020-04-17T13:02:06.467Z",
      "modified_at": "2020-04-17T13:02:06.467Z",
      "created_by_user": null,
      "created_by_group": null,
      "form": "nomination",
      "question": "name",
      "sort": 12
    }
  },
  {
    "model": "caluma_form.formquestion",
    "pk": "nomination.nomination-title-1",
    "fields": {
      "created_at": "2020-04-17T13:12:12.640Z",
      "modified_at": "2020-04-17T13:12:12.640Z",
      "created_by_user": null,
      "created_by_group": null,
      "form": "nomination",
      "question": "nomination-title-1",
      "sort": 14
    }
  },
  {
    "model": "caluma_form.formquestion",
    "pk": "nomination.nomination-title-2",
    "fields": {
      "created_at": "2020-04-17T13:12:35.379Z",
      "modified_at": "2020-04-17T13:12:35.379Z",
      "created_by_user": null,
      "created_by_group": null,
      "form": "nomination",
      "question": "nomination-title-2",
      "sort": 7
    }
  },
  {
    "model": "caluma_form.formquestion",
    "pk": "nomination.part-of-the-project",
    "fields": {
      "created_at": "2020-04-17T13:08:09.297Z",
      "modified_at": "2020-04-17T13:08:09.297Z",
      "created_by_user": null,
      "created_by_group": null,
      "form": "nomination",
      "question": "part-of-the-project",
      "sort": 10
    }
  },
  {
    "model": "caluma_form.formquestion",
    "pk": "nomination.project-name",
    "fields": {
      "created_at": "2020-04-17T13:01:48.655Z",
      "modified_at": "2020-04-17T13:01:48.655Z",
      "created_by_user": null,
      "created_by_group": null,
      "form": "nomination",
      "question": "project-name",
      "sort": 13
    }
  },
  {
    "model": "caluma_form.formquestion",
    "pk": "nomination.reason",
    "fields": {
      "created_at": "2020-04-17T13:16:05.581Z",
      "modified_at": "2020-04-17T13:16:05.581Z",
      "created_by_user": null,
      "created_by_group": null,
      "form": "nomination",
      "question": "reason",
      "sort": 3
    }
  },
  {
    "model": "caluma_form.formquestion",
    "pk": "nomination.start-year",
    "fields": {
      "created_at": "2020-04-17T13:17:12.765Z",
      "modified_at": "2020-04-17T13:17:12.765Z",
      "created_by_user": null,
      "created_by_group": null,
      "form": "nomination",
      "question": "start-year",
      "sort": 2
    }
  },
  {
    "model": "caluma_form.formquestion",
    "pk": "nomination.submit-nomination-button",
    "fields": {
      "created_at": "2020-04-20T14:01:18.695Z",
      "modified_at": "2020-04-20T14:01:18.695Z",
      "created_by_user": null,
      "created_by_group": null,
      "form": "nomination",
      "question": "submit-nomination-button",
      "sort": 1
    }
  },
  {
    "model": "caluma_form.formquestion",
    "pk": "nomination.website",
    "fields": {
      "created_at": "2020-04-17T13:13:13.052Z",
      "modified_at": "2020-04-17T13:13:13.052Z",
      "created_by_user": null,
      "created_by_group": null,
      "form": "nomination",
      "question": "website",
      "sort": 5
    }
  }
]
